Date,Year,Quarter,Quarter (Text),Month,Month Name,Month Short Name,Week of Year,Day
2020-01-01,2020,1,Q1,1,January,Jan,0,1
2020-01-02,2020,1,Q1,1,January,Jan,0,2
2020-01-03,2020,1,Q1,1,January,Jan,0,3
2020-01-04,2020,1,Q1,1,January,Jan,0,4
2020-01-05,2020,1,Q1,1,January,Jan,0,5
2020-01-06,2020,1,Q1,1,January,Jan,1,6
2020-01-07,2020,1,Q1,1,January,Jan,1,7
2020-01-08,2020,1,Q1,1,January,Jan,1,8
2020-01-09,2020,1,Q1,1,January,Jan,1,9
2020-01-10,2020,1,Q1,1,January,Jan,1,10
2020-01-11,2020,1,Q1,1,January,Jan,1,11
2020-01-12,2020,1,Q1,1,January,Jan,1,12
2020-01-13,2020,1,Q1,1,January,Jan,2,13
2020-01-14,2020,1,Q1,1,January,Jan,2,14
2020-01-15,2020,1,Q1,1,January,Jan,2,15
2020-01-16,2020,1,Q1,1,January,Jan,2,16
2020-01-17,2020,1,Q1,1,January,Jan,2,17
2020-01-18,2020,1,Q1,1,January,Jan,2,18
2020-01-19,2020,1,Q1,1,January,Jan,2,19
2020-01-20,2020,1,Q1,1,January,Jan,3,20
2020-01-21,2020,1,Q1,1,January,Jan,3,21
2020-01-22,2020,1,Q1,1,January,Jan,3,22
2020-01-23,2020,1,Q1,1,January,Jan,3,23
2020-01-24,2020,1,Q1,1,January,Jan,3,24
2020-01-25,2020,1,Q1,1,January,Jan,3,25
2020-01-26,2020,1,Q1,1,January,Jan,3,26
2020-01-27,2020,1,Q1,1,January,Jan,4,27
2020-01-28,2020,1,Q1,1,January,Jan,4,28
2020-01-29,2020,1,Q1,1,January,Jan,4,29
2020-01-30,2020,1,Q1,1,January,Jan,4,30
2020-01-31,2020,1,Q1,1,January,Jan,4,31
2020-02-01,2020,1,Q1,2,February,Feb,4,1
2020-02-02,2020,1,Q1,2,February,Feb,4,2
2020-02-03,2020,1,Q1,2,February,Feb,5,3
2020-02-04,2020,1,Q1,2,February,Feb,5,4
2020-02-05,2020,1,Q1,2,February,Feb,5,5
2020-02-06,2020,1,Q1,2,February,Feb,5,6
2020-02-07,2020,1,Q1,2,February,Feb,5,7
2020-02-08,2020,1,Q1,2,February,Feb,5,8
2020-02-09,2020,1,Q1,2,February,Feb,5,9
2020-02-10,2020,1,Q1,2,February,Feb,6,10
2020-02-11,2020,1,Q1,2,February,Feb,6,11
2020-02-12,2020,1,Q1,2,February,Feb,6,12
2020-02-13,2020,1,Q1,2,February,Feb,6,13
2020-02-14,2020,1,Q1,2,February,Feb,6,14
2020-02-15,2020,1,Q1,2,February,Feb,6,15
2020-02-16,2020,1,Q1,2,February,Feb,6,16
2020-02-17,2020,1,Q1,2,February,Feb,7,17
2020-02-18,2020,1,Q1,2,February,Feb,7,18
2020-02-19,2020,1,Q1,2,February,Feb,7,19
2020-02-20,2020,1,Q1,2,February,Feb,7,20
2020-02-21,2020,1,Q1,2,February,Feb,7,21
2020-02-22,2020,1,Q1,2,February,Feb,7,22
2020-02-23,2020,1,Q1,2,February,Feb,7,23
2020-02-24,2020,1,Q1,2,February,Feb,8,24
2020-02-25,2020,1,Q1,2,February,Feb,8,25
2020-02-26,2020,1,Q1,2,February,Feb,8,26
2020-02-27,2020,1,Q1,2,February,Feb,8,27
2020-02-28,2020,1,Q1,2,February,Feb,8,28
2020-02-29,2020,1,Q1,2,February,Feb,8,29
2020-03-01,2020,1,Q1,3,March,Mar,8,1
2020-03-02,2020,1,Q1,3,March,Mar,9,2
2020-03-03,2020,1,Q1,3,March,Mar,9,3
2020-03-04,2020,1,Q1,3,March,Mar,9,4
2020-03-05,2020,1,Q1,3,March,Mar,9,5
2020-03-06,2020,1,Q1,3,March,Mar,9,6
2020-03-07,2020,1,Q1,3,March,Mar,9,7
2020-03-08,2020,1,Q1,3,March,Mar,9,8
2020-03-09,2020,1,Q1,3,March,Mar,10,9
2020-03-10,2020,1,Q1,3,March,Mar,10,10
2020-03-11,2020,1,Q1,3,March,Mar,10,11
2020-03-12,2020,1,Q1,3,March,Mar,10,12
2020-03-13,2020,1,Q1,3,March,Mar,10,13
2020-03-14,2020,1,Q1,3,March,Mar,10,14
2020-03-15,2020,1,Q1,3,March,Mar,10,15
2020-03-16,2020,1,Q1,3,March,Mar,11,16
2020-03-17,2020,1,Q1,3,March,Mar,11,17
2020-03-18,2020,1,Q1,3,March,Mar,11,18
2020-03-19,2020,1,Q1,3,March,Mar,11,19
2020-03-20,2020,1,Q1,3,March,Mar,11,20
2020-03-21,2020,1,Q1,3,March,Mar,11,21
2020-03-22,2020,1,Q1,3,March,Mar,11,22
2020-03-23,2020,1,Q1,3,March,Mar,12,23
2020-03-24,2020,1,Q1,3,March,Mar,12,24
2020-03-25,2020,1,Q1,3,March,Mar,12,25
2020-03-26,2020,1,Q1,3,March,Mar,12,26
2020-03-27,2020,1,Q1,3,March,Mar,12,27
2020-03-28,2020,1,Q1,3,March,Mar,12,28
2020-03-29,2020,1,Q1,3,March,Mar,12,29
2020-03-30,2020,1,Q1,3,March,Mar,13,30
2020-03-31,2020,1,Q1,3,March,Mar,13,31
2020-04-01,2020,2,Q2,4,April,Apr,13,1
2020-04-02,2020,2,Q2,4,April,Apr,13,2
2020-04-03,2020,2,Q2,4,April,Apr,13,3
2020-04-04,2020,2,Q2,4,April,Apr,13,4
2020-04-05,2020,2,Q2,4,April,Apr,13,5
2020-04-06,2020,2,Q2,4,April,Apr,14,6
2020-04-07,2020,2,Q2,4,April,Apr,14,7
2020-04-08,2020,2,Q2,4,April,Apr,14,8
2020-04-09,2020,2,Q2,4,April,Apr,14,9
2020-04-10,2020,2,Q2,4,April,Apr,14,10
2020-04-11,2020,2,Q2,4,April,Apr,14,11
2020-04-12,2020,2,Q2,4,April,Apr,14,12
2020-04-13,2020,2,Q2,4,April,Apr,15,13
2020-04-14,2020,2,Q2,4,April,Apr,15,14
2020-04-15,2020,2,Q2,4,April,Apr,15,15
2020-04-16,2020,2,Q2,4,April,Apr,15,16
2020-04-17,2020,2,Q2,4,April,Apr,15,17
2020-04-18,2020,2,Q2,4,April,Apr,15,18
2020-04-19,2020,2,Q2,4,April,Apr,15,19
2020-04-20,2020,2,Q2,4,April,Apr,16,20
2020-04-21,2020,2,Q2,4,April,Apr,16,21
2020-04-22,2020,2,Q2,4,April,Apr,16,22
2020-04-23,2020,2,Q2,4,April,Apr,16,23
2020-04-24,2020,2,Q2,4,April,Apr,16,24
2020-04-25,2020,2,Q2,4,April,Apr,16,25
2020-04-26,2020,2,Q2,4,April,Apr,16,26
2020-04-27,2020,2,Q2,4,April,Apr,17,27
2020-04-28,2020,2,Q2,4,April,Apr,17,28
2020-04-29,2020,2,Q2,4,April,Apr,17,29
2020-04-30,2020,2,Q2,4,April,Apr,17,30
2020-05-01,2020,2,Q2,5,May,May,17,1
2020-05-02,2020,2,Q2,5,May,May,17,2
2020-05-03,2020,2,Q2,5,May,May,17,3
2020-05-04,2020,2,Q2,5,May,May,18,4
2020-05-05,2020,2,Q2,5,May,May,18,5
2020-05-06,2020,2,Q2,5,May,May,18,6
2020-05-07,2020,2,Q2,5,May,May,18,7
2020-05-08,2020,2,Q2,5,May,May,18,8
2020-05-09,2020,2,Q2,5,May,May,18,9
2020-05-10,2020,2,Q2,5,May,May,18,10
2020-05-11,2020,2,Q2,5,May,May,19,11
2020-05-12,2020,2,Q2,5,May,May,19,12
2020-05-13,2020,2,Q2,5,May,May,19,13
2020-05-14,2020,2,Q2,5,May,May,19,14
2020-05-15,2020,2,Q2,5,May,May,19,15
2020-05-16,2020,2,Q2,5,May,May,19,16
2020-05-17,2020,2,Q2,5,May,May,19,17
2020-05-18,2020,2,Q2,5,May,May,20,18
2020-05-19,2020,2,Q2,5,May,May,20,19
2020-05-20,2020,2,Q2,5,May,May,20,20
2020-05-21,2020,2,Q2,5,May,May,20,21
2020-05-22,2020,2,Q2,5,May,May,20,22
2020-05-23,2020,2,Q2,5,May,May,20,23
2020-05-24,2020,2,Q2,5,May,May,20,24
2020-05-25,2020,2,Q2,5,May,May,21,25
2020-05-26,2020,2,Q2,5,May,May,21,26
2020-05-27,2020,2,Q2,5,May,May,21,27
2020-05-28,2020,2,Q2,5,May,May,21,28
2020-05-29,2020,2,Q2,5,May,May,21,29
2020-05-30,2020,2,Q2,5,May,May,21,30
2020-05-31,2020,2,Q2,5,May,May,21,31
2020-06-01,2020,2,Q2,6,June,Jun,22,1
2020-06-02,2020,2,Q2,6,June,Jun,22,2
2020-06-03,2020,2,Q2,6,June,Jun,22,3
2020-06-04,2020,2,Q2,6,June,Jun,22,4
2020-06-05,2020,2,Q2,6,June,Jun,22,5
2020-06-06,2020,2,Q2,6,June,Jun,22,6
2020-06-07,2020,2,Q2,6,June,Jun,22,7
2020-06-08,2020,2,Q2,6,June,Jun,23,8
2020-06-09,2020,2,Q2,6,June,Jun,23,9
2020-06-10,2020,2,Q2,6,June,Jun,23,10
2020-06-11,2020,2,Q2,6,June,Jun,23,11
2020-06-12,2020,2,Q2,6,June,Jun,23,12
2020-06-13,2020,2,Q2,6,June,Jun,23,13
2020-06-14,2020,2,Q2,6,June,Jun,23,14
2020-06-15,2020,2,Q2,6,June,Jun,24,15
2020-06-16,2020,2,Q2,6,June,Jun,24,16
2020-06-17,2020,2,Q2,6,June,Jun,24,17
2020-06-18,2020,2,Q2,6,June,Jun,24,18
2020-06-19,2020,2,Q2,6,June,Jun,24,19
2020-06-20,2020,2,Q2,6,June,Jun,24,20
2020-06-21,2020,2,Q2,6,June,Jun,24,21
2020-06-22,2020,2,Q2,6,June,Jun,25,22
2020-06-23,2020,2,Q2,6,June,Jun,25,23
2020-06-24,2020,2,Q2,6,June,Jun,25,24
2020-06-25,2020,2,Q2,6,June,Jun,25,25
2020-06-26,2020,2,Q2,6,June,Jun,25,26
2020-06-27,2020,2,Q2,6,June,Jun,25,27
2020-06-28,2020,2,Q2,6,June,Jun,25,28
2020-06-29,2020,2,Q2,6,June,Jun,26,29
2020-06-30,2020,2,Q2,6,June,Jun,26,30
2020-07-01,2020,3,Q3,7,July,Jul,26,1
2020-07-02,2020,3,Q3,7,July,Jul,26,2
2020-07-03,2020,3,Q3,7,July,Jul,26,3
2020-07-04,2020,3,Q3,7,July,Jul,26,4
2020-07-05,2020,3,Q3,7,July,Jul,26,5
2020-07-06,2020,3,Q3,7,July,Jul,27,6
2020-07-07,2020,3,Q3,7,July,Jul,27,7
2020-07-08,2020,3,Q3,7,July,Jul,27,8
2020-07-09,2020,3,Q3,7,July,Jul,27,9
2020-07-10,2020,3,Q3,7,July,Jul,27,10
2020-07-11,2020,3,Q3,7,July,Jul,27,11
2020-07-12,2020,3,Q3,7,July,Jul,27,12
2020-07-13,2020,3,Q3,7,July,Jul,28,13
2020-07-14,2020,3,Q3,7,July,Jul,28,14
2020-07-15,2020,3,Q3,7,July,Jul,28,15
2020-07-16,2020,3,Q3,7,July,Jul,28,16
2020-07-17,2020,3,Q3,7,July,Jul,28,17
2020-07-18,2020,3,Q3,7,July,Jul,28,18
2020-07-19,2020,3,Q3,7,July,Jul,28,19
2020-07-20,2020,3,Q3,7,July,Jul,29,20
2020-07-21,2020,3,Q3,7,July,Jul,29,21
2020-07-22,2020,3,Q3,7,July,Jul,29,22
2020-07-23,2020,3,Q3,7,July,Jul,29,23
2020-07-24,2020,3,Q3,7,July,Jul,29,24
2020-07-25,2020,3,Q3,7,July,Jul,29,25
2020-07-26,2020,3,Q3,7,July,Jul,29,26
2020-07-27,2020,3,Q3,7,July,Jul,30,27
2020-07-28,2020,3,Q3,7,July,Jul,30,28
2020-07-29,2020,3,Q3,7,July,Jul,30,29
2020-07-30,2020,3,Q3,7,July,Jul,30,30
2020-07-31,2020,3,Q3,7,July,Jul,30,31
2020-08-01,2020,3,Q3,8,August,Aug,30,1
2020-08-02,2020,3,Q3,8,August,Aug,30,2
2020-08-03,2020,3,Q3,8,August,Aug,31,3
2020-08-04,2020,3,Q3,8,August,Aug,31,4
2020-08-05,2020,3,Q3,8,August,Aug,31,5
2020-08-06,2020,3,Q3,8,August,Aug,31,6
2020-08-07,2020,3,Q3,8,August,Aug,31,7
2020-08-08,2020,3,Q3,8,August,Aug,31,8
2020-08-09,2020,3,Q3,8,August,Aug,31,9
2020-08-10,2020,3,Q3,8,August,Aug,32,10
2020-08-11,2020,3,Q3,8,August,Aug,32,11
2020-08-12,2020,3,Q3,8,August,Aug,32,12
2020-08-13,2020,3,Q3,8,August,Aug,32,13
2020-08-14,2020,3,Q3,8,August,Aug,32,14
2020-08-15,2020,3,Q3,8,August,Aug,32,15
2020-08-16,2020,3,Q3,8,August,Aug,32,16
2020-08-17,2020,3,Q3,8,August,Aug,33,17
2020-08-18,2020,3,Q3,8,August,Aug,33,18
2020-08-19,2020,3,Q3,8,August,Aug,33,19
2020-08-20,2020,3,Q3,8,August,Aug,33,20
2020-08-21,2020,3,Q3,8,August,Aug,33,21
2020-08-22,2020,3,Q3,8,August,Aug,33,22
2020-08-23,2020,3,Q3,8,August,Aug,33,23
2020-08-24,2020,3,Q3,8,August,Aug,34,24
2020-08-25,2020,3,Q3,8,August,Aug,34,25
2020-08-26,2020,3,Q3,8,August,Aug,34,26
2020-08-27,2020,3,Q3,8,August,Aug,34,27
2020-08-28,2020,3,Q3,8,August,Aug,34,28
2020-08-29,2020,3,Q3,8,August,Aug,34,29
2020-08-30,2020,3,Q3,8,August,Aug,34,30
2020-08-31,2020,3,Q3,8,August,Aug,35,31
2020-09-01,2020,3,Q3,9,September,Sep,35,1
2020-09-02,2020,3,Q3,9,September,Sep,35,2
2020-09-03,2020,3,Q3,9,September,Sep,35,3
2020-09-04,2020,3,Q3,9,September,Sep,35,4
2020-09-05,2020,3,Q3,9,September,Sep,35,5
2020-09-06,2020,3,Q3,9,September,Sep,35,6
2020-09-07,2020,3,Q3,9,September,Sep,36,7
2020-09-08,2020,3,Q3,9,September,Sep,36,8
2020-09-09,2020,3,Q3,9,September,Sep,36,9
2020-09-10,2020,3,Q3,9,September,Sep,36,10
2020-09-11,2020,3,Q3,9,September,Sep,36,11
2020-09-12,2020,3,Q3,9,September,Sep,36,12
2020-09-13,2020,3,Q3,9,September,Sep,36,13
2020-09-14,2020,3,Q3,9,September,Sep,37,14
2020-09-15,2020,3,Q3,9,September,Sep,37,15
2020-09-16,2020,3,Q3,9,September,Sep,37,16
2020-09-17,2020,3,Q3,9,September,Sep,37,17
2020-09-18,2020,3,Q3,9,September,Sep,37,18
2020-09-19,2020,3,Q3,9,September,Sep,37,19
2020-09-20,2020,3,Q3,9,September,Sep,37,20
2020-09-21,2020,3,Q3,9,September,Sep,38,21
2020-09-22,2020,3,Q3,9,September,Sep,38,22
2020-09-23,2020,3,Q3,9,September,Sep,38,23
2020-09-24,2020,3,Q3,9,September,Sep,38,24
2020-09-25,2020,3,Q3,9,September,Sep,38,25
2020-09-26,2020,3,Q3,9,September,Sep,38,26
2020-09-27,2020,3,Q3,9,September,Sep,38,27
2020-09-28,2020,3,Q3,9,September,Sep,39,28
2020-09-29,2020,3,Q3,9,September,Sep,39,29
2020-09-30,2020,3,Q3,9,September,Sep,39,30
2020-10-01,2020,4,Q4,10,October,Oct,39,1
2020-10-02,2020,4,Q4,10,October,Oct,39,2
2020-10-03,2020,4,Q4,10,October,Oct,39,3
2020-10-04,2020,4,Q4,10,October,Oct,39,4
2020-10-05,2020,4,Q4,10,October,Oct,40,5
2020-10-06,2020,4,Q4,10,October,Oct,40,6
2020-10-07,2020,4,Q4,10,October,Oct,40,7
2020-10-08,2020,4,Q4,10,October,Oct,40,8
2020-10-09,2020,4,Q4,10,October,Oct,40,9
2020-10-10,2020,4,Q4,10,October,Oct,40,10
2020-10-11,2020,4,Q4,10,October,Oct,40,11
2020-10-12,2020,4,Q4,10,October,Oct,41,12
2020-10-13,2020,4,Q4,10,October,Oct,41,13
2020-10-14,2020,4,Q4,10,October,Oct,41,14
2020-10-15,2020,4,Q4,10,October,Oct,41,15
2020-10-16,2020,4,Q4,10,October,Oct,41,16
2020-10-17,2020,4,Q4,10,October,Oct,41,17
2020-10-18,2020,4,Q4,10,October,Oct,41,18
2020-10-19,2020,4,Q4,10,October,Oct,42,19
2020-10-20,2020,4,Q4,10,October,Oct,42,20
2020-10-21,2020,4,Q4,10,October,Oct,42,21
2020-10-22,2020,4,Q4,10,October,Oct,42,22
2020-10-23,2020,4,Q4,10,October,Oct,42,23
2020-10-24,2020,4,Q4,10,October,Oct,42,24
2020-10-25,2020,4,Q4,10,October,Oct,42,25
2020-10-26,2020,4,Q4,10,October,Oct,43,26
2020-10-27,2020,4,Q4,10,October,Oct,43,27
2020-10-28,2020,4,Q4,10,October,Oct,43,28
2020-10-29,2020,4,Q4,10,October,Oct,43,29
2020-10-30,2020,4,Q4,10,October,Oct,43,30
2020-10-31,2020,4,Q4,10,October,Oct,43,31
2020-11-01,2020,4,Q4,11,November,Nov,43,1
2020-11-02,2020,4,Q4,11,November,Nov,44,2
2020-11-03,2020,4,Q4,11,November,Nov,44,3
2020-11-04,2020,4,Q4,11,November,Nov,44,4
2020-11-05,2020,4,Q4,11,November,Nov,44,5
2020-11-06,2020,4,Q4,11,November,Nov,44,6
2020-11-07,2020,4,Q4,11,November,Nov,44,7
2020-11-08,2020,4,Q4,11,November,Nov,44,8
2020-11-09,2020,4,Q4,11,November,Nov,45,9
2020-11-10,2020,4,Q4,11,November,Nov,45,10
2020-11-11,2020,4,Q4,11,November,Nov,45,11
2020-11-12,2020,4,Q4,11,November,Nov,45,12
2020-11-13,2020,4,Q4,11,November,Nov,45,13
2020-11-14,2020,4,Q4,11,November,Nov,45,14
2020-11-15,2020,4,Q4,11,November,Nov,45,15
2020-11-16,2020,4,Q4,11,November,Nov,46,16
2020-11-17,2020,4,Q4,11,November,Nov,46,17
2020-11-18,2020,4,Q4,11,November,Nov,46,18
2020-11-19,2020,4,Q4,11,November,Nov,46,19
2020-11-20,2020,4,Q4,11,November,Nov,46,20
2020-11-21,2020,4,Q4,11,November,Nov,46,21
2020-11-22,2020,4,Q4,11,November,Nov,46,22
2020-11-23,2020,4,Q4,11,November,Nov,47,23
2020-11-24,2020,4,Q4,11,November,Nov,47,24
2020-11-25,2020,4,Q4,11,November,Nov,47,25
2020-11-26,2020,4,Q4,11,November,Nov,47,26
2020-11-27,2020,4,Q4,11,November,Nov,47,27
2020-11-28,2020,4,Q4,11,November,Nov,47,28
2020-11-29,2020,4,Q4,11,November,Nov,47,29
2020-11-30,2020,4,Q4,11,November,Nov,48,30
2020-12-01,2020,4,Q4,12,December,Dec,48,1
2020-12-02,2020,4,Q4,12,December,Dec,48,2
2020-12-03,2020,4,Q4,12,December,Dec,48,3
2020-12-04,2020,4,Q4,12,December,Dec,48,4
2020-12-05,2020,4,Q4,12,December,Dec,48,5
2020-12-06,2020,4,Q4,12,December,Dec,48,6
2020-12-07,2020,4,Q4,12,December,Dec,49,7
2020-12-08,2020,4,Q4,12,December,Dec,49,8
2020-12-09,2020,4,Q4,12,December,Dec,49,9
2020-12-10,2020,4,Q4,12,December,Dec,49,10
2020-12-11,2020,4,Q4,12,December,Dec,49,11
2020-12-12,2020,4,Q4,12,December,Dec,49,12
2020-12-13,2020,4,Q4,12,December,Dec,49,13
2020-12-14,2020,4,Q4,12,December,Dec,50,14
2020-12-15,2020,4,Q4,12,December,Dec,50,15
2020-12-16,2020,4,Q4,12,December,Dec,50,16
2020-12-17,2020,4,Q4,12,December,Dec,50,17
2020-12-18,2020,4,Q4,12,December,Dec,50,18
2020-12-19,2020,4,Q4,12,December,Dec,50,19
2020-12-20,2020,4,Q4,12,December,Dec,50,20
2020-12-21,2020,4,Q4,12,December,Dec,51,21
2020-12-22,2020,4,Q4,12,December,Dec,51,22
2020-12-23,2020,4,Q4,12,December,Dec,51,23
2020-12-24,2020,4,Q4,12,December,Dec,51,24
2020-12-25,2020,4,Q4,12,December,Dec,51,25
2020-12-26,2020,4,Q4,12,December,Dec,51,26
2020-12-27,2020,4,Q4,12,December,Dec,51,27
2020-12-28,2020,4,Q4,12,December,Dec,52,28
2020-12-29,2020,4,Q4,12,December,Dec,52,29
2020-12-30,2020,4,Q4,12,December,Dec,52,30
2020-12-31,2020,4,Q4,12,December,Dec,52,31
2021-01-01,2021,1,Q1,1,January,Jan,0,1
2021-01-02,2021,1,Q1,1,January,Jan,0,2
2021-01-03,2021,1,Q1,1,January,Jan,0,3
2021-01-04,2021,1,Q1,1,January,Jan,1,4
2021-01-05,2021,1,Q1,1,January,Jan,1,5
2021-01-06,2021,1,Q1,1,January,Jan,1,6
2021-01-07,2021,1,Q1,1,January,Jan,1,7
2021-01-08,2021,1,Q1,1,January,Jan,1,8
2021-01-09,2021,1,Q1,1,January,Jan,1,9
2021-01-10,2021,1,Q1,1,January,Jan,1,10
2021-01-11,2021,1,Q1,1,January,Jan,2,11
2021-01-12,2021,1,Q1,1,January,Jan,2,12
2021-01-13,2021,1,Q1,1,January,Jan,2,13
2021-01-14,2021,1,Q1,1,January,Jan,2,14
2021-01-15,2021,1,Q1,1,January,Jan,2,15
2021-01-16,2021,1,Q1,1,January,Jan,2,16
2021-01-17,2021,1,Q1,1,January,Jan,2,17
2021-01-18,2021,1,Q1,1,January,Jan,3,18
2021-01-19,2021,1,Q1,1,January,Jan,3,19
2021-01-20,2021,1,Q1,1,January,Jan,3,20
2021-01-21,2021,1,Q1,1,January,Jan,3,21
2021-01-22,2021,1,Q1,1,January,Jan,3,22
2021-01-23,2021,1,Q1,1,January,Jan,3,23
2021-01-24,2021,1,Q1,1,January,Jan,3,24
2021-01-25,2021,1,Q1,1,January,Jan,4,25
2021-01-26,2021,1,Q1,1,January,Jan,4,26
2021-01-27,2021,1,Q1,1,January,Jan,4,27
2021-01-28,2021,1,Q1,1,January,Jan,4,28
2021-01-29,2021,1,Q1,1,January,Jan,4,29
2021-01-30,2021,1,Q1,1,January,Jan,4,30
2021-01-31,2021,1,Q1,1,January,Jan,4,31
2021-02-01,2021,1,Q1,2,February,Feb,5,1
2021-02-02,2021,1,Q1,2,February,Feb,5,2
2021-02-03,2021,1,Q1,2,February,Feb,5,3
2021-02-04,2021,1,Q1,2,February,Feb,5,4
2021-02-05,2021,1,Q1,2,February,Feb,5,5
2021-02-06,2021,1,Q1,2,February,Feb,5,6
2021-02-07,2021,1,Q1,2,February,Feb,5,7
2021-02-08,2021,1,Q1,2,February,Feb,6,8
2021-02-09,2021,1,Q1,2,February,Feb,6,9
2021-02-10,2021,1,Q1,2,February,Feb,6,10
2021-02-11,2021,1,Q1,2,February,Feb,6,11
2021-02-12,2021,1,Q1,2,February,Feb,6,12
2021-02-13,2021,1,Q1,2,February,Feb,6,13
2021-02-14,2021,1,Q1,2,February,Feb,6,14
2021-02-15,2021,1,Q1,2,February,Feb,7,15
2021-02-16,2021,1,Q1,2,February,Feb,7,16
2021-02-17,2021,1,Q1,2,February,Feb,7,17
2021-02-18,2021,1,Q1,2,February,Feb,7,18
2021-02-19,2021,1,Q1,2,February,Feb,7,19
2021-02-20,2021,1,Q1,2,February,Feb,7,20
2021-02-21,2021,1,Q1,2,February,Feb,7,21
2021-02-22,2021,1,Q1,2,February,Feb,8,22
2021-02-23,2021,1,Q1,2,February,Feb,8,23
2021-02-24,2021,1,Q1,2,February,Feb,8,24
2021-02-25,2021,1,Q1,2,February,Feb,8,25
2021-02-26,2021,1,Q1,2,February,Feb,8,26
2021-02-27,2021,1,Q1,2,February,Feb,8,27
2021-02-28,2021,1,Q1,2,February,Feb,8,28
2021-03-01,2021,1,Q1,3,March,Mar,9,1
2021-03-02,2021,1,Q1,3,March,Mar,9,2
2021-03-03,2021,1,Q1,3,March,Mar,9,3
2021-03-04,2021,1,Q1,3,March,Mar,9,4
2021-03-05,2021,1,Q1,3,March,Mar,9,5
2021-03-06,2021,1,Q1,3,March,Mar,9,6
2021-03-07,2021,1,Q1,3,March,Mar,9,7
2021-03-08,2021,1,Q1,3,March,Mar,10,8
2021-03-09,2021,1,Q1,3,March,Mar,10,9
2021-03-10,2021,1,Q1,3,March,Mar,10,10
2021-03-11,2021,1,Q1,3,March,Mar,10,11
2021-03-12,2021,1,Q1,3,March,Mar,10,12
2021-03-13,2021,1,Q1,3,March,Mar,10,13
2021-03-14,2021,1,Q1,3,March,Mar,10,14
2021-03-15,2021,1,Q1,3,March,Mar,11,15
2021-03-16,2021,1,Q1,3,March,Mar,11,16
2021-03-17,2021,1,Q1,3,March,Mar,11,17
2021-03-18,2021,1,Q1,3,March,Mar,11,18
2021-03-19,2021,1,Q1,3,March,Mar,11,19
2021-03-20,2021,1,Q1,3,March,Mar,11,20
2021-03-21,2021,1,Q1,3,March,Mar,11,21
2021-03-22,2021,1,Q1,3,March,Mar,12,22
2021-03-23,2021,1,Q1,3,March,Mar,12,23
2021-03-24,2021,1,Q1,3,March,Mar,12,24
2021-03-25,2021,1,Q1,3,March,Mar,12,25
2021-03-26,2021,1,Q1,3,March,Mar,12,26
2021-03-27,2021,1,Q1,3,March,Mar,12,27
2021-03-28,2021,1,Q1,3,March,Mar,12,28
2021-03-29,2021,1,Q1,3,March,Mar,13,29
2021-03-30,2021,1,Q1,3,March,Mar,13,30
2021-03-31,2021,1,Q1,3,March,Mar,13,31
2021-04-01,2021,2,Q2,4,April,Apr,13,1
2021-04-02,2021,2,Q2,4,April,Apr,13,2
2021-04-03,2021,2,Q2,4,April,Apr,13,3
2021-04-04,2021,2,Q2,4,April,Apr,13,4
2021-04-05,2021,2,Q2,4,April,Apr,14,5
2021-04-06,2021,2,Q2,4,April,Apr,14,6
2021-04-07,2021,2,Q2,4,April,Apr,14,7
2021-04-08,2021,2,Q2,4,April,Apr,14,8
2021-04-09,2021,2,Q2,4,April,Apr,14,9
2021-04-10,2021,2,Q2,4,April,Apr,14,10
2021-04-11,2021,2,Q2,4,April,Apr,14,11
2021-04-12,2021,2,Q2,4,April,Apr,15,12
2021-04-13,2021,2,Q2,4,April,Apr,15,13
2021-04-14,2021,2,Q2,4,April,Apr,15,14
2021-04-15,2021,2,Q2,4,April,Apr,15,15
2021-04-16,2021,2,Q2,4,April,Apr,15,16
2021-04-17,2021,2,Q2,4,April,Apr,15,17
2021-04-18,2021,2,Q2,4,April,Apr,15,18
2021-04-19,2021,2,Q2,4,April,Apr,16,19
2021-04-20,2021,2,Q2,4,April,Apr,16,20
2021-04-21,2021,2,Q2,4,April,Apr,16,21
2021-04-22,2021,2,Q2,4,April,Apr,16,22
2021-04-23,2021,2,Q2,4,April,Apr,16,23
2021-04-24,2021,2,Q2,4,April,Apr,16,24
2021-04-25,2021,2,Q2,4,April,Apr,16,25
2021-04-26,2021,2,Q2,4,April,Apr,17,26
2021-04-27,2021,2,Q2,4,April,Apr,17,27
2021-04-28,2021,2,Q2,4,April,Apr,17,28
2021-04-29,2021,2,Q2,4,April,Apr,17,29
2021-04-30,2021,2,Q2,4,April,Apr,17,30
2021-05-01,2021,2,Q2,5,May,May,17,1
2021-05-02,2021,2,Q2,5,May,May,17,2
2021-05-03,2021,2,Q2,5,May,May,18,3
2021-05-04,2021,2,Q2,5,May,May,18,4
2021-05-05,2021,2,Q2,5,May,May,18,5
2021-05-06,2021,2,Q2,5,May,May,18,6
2021-05-07,2021,2,Q2,5,May,May,18,7
2021-05-08,2021,2,Q2,5,May,May,18,8
2021-05-09,2021,2,Q2,5,May,May,18,9
2021-05-10,2021,2,Q2,5,May,May,19,10
2021-05-11,2021,2,Q2,5,May,May,19,11
2021-05-12,2021,2,Q2,5,May,May,19,12
2021-05-13,2021,2,Q2,5,May,May,19,13
2021-05-14,2021,2,Q2,5,May,May,19,14
2021-05-15,2021,2,Q2,5,May,May,19,15
2021-05-16,2021,2,Q2,5,May,May,19,16
2021-05-17,2021,2,Q2,5,May,May,20,17
2021-05-18,2021,2,Q2,5,May,May,20,18
2021-05-19,2021,2,Q2,5,May,May,20,19
2021-05-20,2021,2,Q2,5,May,May,20,20
2021-05-21,2021,2,Q2,5,May,May,20,21
2021-05-22,2021,2,Q2,5,May,May,20,22
2021-05-23,2021,2,Q2,5,May,May,20,23
2021-05-24,2021,2,Q2,5,May,May,21,24
2021-05-25,2021,2,Q2,5,May,May,21,25
2021-05-26,2021,2,Q2,5,May,May,21,26
2021-05-27,2021,2,Q2,5,May,May,21,27
2021-05-28,2021,2,Q2,5,May,May,21,28
2021-05-29,2021,2,Q2,5,May,May,21,29
2021-05-30,2021,2,Q2,5,May,May,21,30
2021-05-31,2021,2,Q2,5,May,May,22,31
2021-06-01,2021,2,Q2,6,June,Jun,22,1
2021-06-02,2021,2,Q2,6,June,Jun,22,2
2021-06-03,2021,2,Q2,6,June,Jun,22,3
2021-06-04,2021,2,Q2,6,June,Jun,22,4
2021-06-05,2021,2,Q2,6,June,Jun,22,5
2021-06-06,2021,2,Q2,6,June,Jun,22,6
2021-06-07,2021,2,Q2,6,June,Jun,23,7
2021-06-08,2021,2,Q2,6,June,Jun,23,8
2021-06-09,2021,2,Q2,6,June,Jun,23,9
2021-06-10,2021,2,Q2,6,June,Jun,23,10
2021-06-11,2021,2,Q2,6,June,Jun,23,11
2021-06-12,2021,2,Q2,6,June,Jun,23,12
2021-06-13,2021,2,Q2,6,June,Jun,23,13
2021-06-14,2021,2,Q2,6,June,Jun,24,14
2021-06-15,2021,2,Q2,6,June,Jun,24,15
2021-06-16,2021,2,Q2,6,June,Jun,24,16
2021-06-17,2021,2,Q2,6,June,Jun,24,17
2021-06-18,2021,2,Q2,6,June,Jun,24,18
2021-06-19,2021,2,Q2,6,June,Jun,24,19
2021-06-20,2021,2,Q2,6,June,Jun,24,20
2021-06-21,2021,2,Q2,6,June,Jun,25,21
2021-06-22,2021,2,Q2,6,June,Jun,25,22
2021-06-23,2021,2,Q2,6,June,Jun,25,23
2021-06-24,2021,2,Q2,6,June,Jun,25,24
2021-06-25,2021,2,Q2,6,June,Jun,25,25
2021-06-26,2021,2,Q2,6,June,Jun,25,26
2021-06-27,2021,2,Q2,6,June,Jun,25,27
2021-06-28,2021,2,Q2,6,June,Jun,26,28
2021-06-29,2021,2,Q2,6,June,Jun,26,29
2021-06-30,2021,2,Q2,6,June,Jun,26,30
2021-07-01,2021,3,Q3,7,July,Jul,26,1
2021-07-02,2021,3,Q3,7,July,Jul,26,2
2021-07-03,2021,3,Q3,7,July,Jul,26,3
2021-07-04,2021,3,Q3,7,July,Jul,26,4
2021-07-05,2021,3,Q3,7,July,Jul,27,5
2021-07-06,2021,3,Q3,7,July,Jul,27,6
2021-07-07,2021,3,Q3,7,July,Jul,27,7
2021-07-08,2021,3,Q3,7,July,Jul,27,8
2021-07-09,2021,3,Q3,7,July,Jul,27,9
2021-07-10,2021,3,Q3,7,July,Jul,27,10
2021-07-11,2021,3,Q3,7,July,Jul,27,11
2021-07-12,2021,3,Q3,7,July,Jul,28,12
2021-07-13,2021,3,Q3,7,July,Jul,28,13
2021-07-14,2021,3,Q3,7,July,Jul,28,14
2021-07-15,2021,3,Q3,7,July,Jul,28,15
2021-07-16,2021,3,Q3,7,July,Jul,28,16
2021-07-17,2021,3,Q3,7,July,Jul,28,17
2021-07-18,2021,3,Q3,7,July,Jul,28,18
2021-07-19,2021,3,Q3,7,July,Jul,29,19
2021-07-20,2021,3,Q3,7,July,Jul,29,20
2021-07-21,2021,3,Q3,7,July,Jul,29,21
2021-07-22,2021,3,Q3,7,July,Jul,29,22
2021-07-23,2021,3,Q3,7,July,Jul,29,23
2021-07-24,2021,3,Q3,7,July,Jul,29,24
2021-07-25,2021,3,Q3,7,July,Jul,29,25
2021-07-26,2021,3,Q3,7,July,Jul,30,26
2021-07-27,2021,3,Q3,7,July,Jul,30,27
2021-07-28,2021,3,Q3,7,July,Jul,30,28
2021-07-29,2021,3,Q3,7,July,Jul,30,29
2021-07-30,2021,3,Q3,7,July,Jul,30,30
2021-07-31,2021,3,Q3,7,July,Jul,30,31
2021-08-01,2021,3,Q3,8,August,Aug,30,1
2021-08-02,2021,3,Q3,8,August,Aug,31,2
2021-08-03,2021,3,Q3,8,August,Aug,31,3
2021-08-04,2021,3,Q3,8,August,Aug,31,4
2021-08-05,2021,3,Q3,8,August,Aug,31,5
2021-08-06,2021,3,Q3,8,August,Aug,31,6
2021-08-07,2021,3,Q3,8,August,Aug,31,7
2021-08-08,2021,3,Q3,8,August,Aug,31,8
2021-08-09,2021,3,Q3,8,August,Aug,32,9
2021-08-10,2021,3,Q3,8,August,Aug,32,10
2021-08-11,2021,3,Q3,8,August,Aug,32,11
2021-08-12,2021,3,Q3,8,August,Aug,32,12
2021-08-13,2021,3,Q3,8,August,Aug,32,13
2021-08-14,2021,3,Q3,8,August,Aug,32,14
2021-08-15,2021,3,Q3,8,August,Aug,32,15
2021-08-16,2021,3,Q3,8,August,Aug,33,16
2021-08-17,2021,3,Q3,8,August,Aug,33,17
2021-08-18,2021,3,Q3,8,August,Aug,33,18
2021-08-19,2021,3,Q3,8,August,Aug,33,19
2021-08-20,2021,3,Q3,8,August,Aug,33,20
2021-08-21,2021,3,Q3,8,August,Aug,33,21
2021-08-22,2021,3,Q3,8,August,Aug,33,22
2021-08-23,2021,3,Q3,8,August,Aug,34,23
2021-08-24,2021,3,Q3,8,August,Aug,34,24
2021-08-25,2021,3,Q3,8,August,Aug,34,25
2021-08-26,2021,3,Q3,8,August,Aug,34,26
2021-08-27,2021,3,Q3,8,August,Aug,34,27
2021-08-28,2021,3,Q3,8,August,Aug,34,28
2021-08-29,2021,3,Q3,8,August,Aug,34,29
2021-08-30,2021,3,Q3,8,August,Aug,35,30
2021-08-31,2021,3,Q3,8,August,Aug,35,31
2021-09-01,2021,3,Q3,9,September,Sep,35,1
2021-09-02,2021,3,Q3,9,September,Sep,35,2
2021-09-03,2021,3,Q3,9,September,Sep,35,3
2021-09-04,2021,3,Q3,9,September,Sep,35,4
2021-09-05,2021,3,Q3,9,September,Sep,35,5
2021-09-06,2021,3,Q3,9,September,Sep,36,6
2021-09-07,2021,3,Q3,9,September,Sep,36,7
2021-09-08,2021,3,Q3,9,September,Sep,36,8
2021-09-09,2021,3,Q3,9,September,Sep,36,9
2021-09-10,2021,3,Q3,9,September,Sep,36,10
2021-09-11,2021,3,Q3,9,September,Sep,36,11
2021-09-12,2021,3,Q3,9,September,Sep,36,12
2021-09-13,2021,3,Q3,9,September,Sep,37,13
2021-09-14,2021,3,Q3,9,September,Sep,37,14
2021-09-15,2021,3,Q3,9,September,Sep,37,15
2021-09-16,2021,3,Q3,9,September,Sep,37,16
2021-09-17,2021,3,Q3,9,September,Sep,37,17
2021-09-18,2021,3,Q3,9,September,Sep,37,18
2021-09-19,2021,3,Q3,9,September,Sep,37,19
2021-09-20,2021,3,Q3,9,September,Sep,38,20
2021-09-21,2021,3,Q3,9,September,Sep,38,21
2021-09-22,2021,3,Q3,9,September,Sep,38,22
2021-09-23,2021,3,Q3,9,September,Sep,38,23
2021-09-24,2021,3,Q3,9,September,Sep,38,24
2021-09-25,2021,3,Q3,9,September,Sep,38,25
2021-09-26,2021,3,Q3,9,September,Sep,38,26
2021-09-27,2021,3,Q3,9,September,Sep,39,27
2021-09-28,2021,3,Q3,9,September,Sep,39,28
2021-09-29,2021,3,Q3,9,September,Sep,39,29
2021-09-30,2021,3,Q3,9,September,Sep,39,30
2021-10-01,2021,4,Q4,10,October,Oct,39,1
2021-10-02,2021,4,Q4,10,October,Oct,39,2
2021-10-03,2021,4,Q4,10,October,Oct,39,3
2021-10-04,2021,4,Q4,10,October,Oct,40,4
2021-10-05,2021,4,Q4,10,October,Oct,40,5
2021-10-06,2021,4,Q4,10,October,Oct,40,6
2021-10-07,2021,4,Q4,10,October,Oct,40,7
2021-10-08,2021,4,Q4,10,October,Oct,40,8
2021-10-09,2021,4,Q4,10,October,Oct,40,9
2021-10-10,2021,4,Q4,10,October,Oct,40,10
2021-10-11,2021,4,Q4,10,October,Oct,41,11
2021-10-12,2021,4,Q4,10,October,Oct,41,12
2021-10-13,2021,4,Q4,10,October,Oct,41,13
2021-10-14,2021,4,Q4,10,October,Oct,41,14
2021-10-15,2021,4,Q4,10,October,Oct,41,15
2021-10-16,2021,4,Q4,10,October,Oct,41,16
2021-10-17,2021,4,Q4,10,October,Oct,41,17
2021-10-18,2021,4,Q4,10,October,Oct,42,18
2021-10-19,2021,4,Q4,10,October,Oct,42,19
2021-10-20,2021,4,Q4,10,October,Oct,42,20
2021-10-21,2021,4,Q4,10,October,Oct,42,21
2021-10-22,2021,4,Q4,10,October,Oct,42,22
2021-10-23,2021,4,Q4,10,October,Oct,42,23
2021-10-24,2021,4,Q4,10,October,Oct,42,24
2021-10-25,2021,4,Q4,10,October,Oct,43,25
2021-10-26,2021,4,Q4,10,October,Oct,43,26
2021-10-27,2021,4,Q4,10,October,Oct,43,27
2021-10-28,2021,4,Q4,10,October,Oct,43,28
2021-10-29,2021,4,Q4,10,October,Oct,43,29
2021-10-30,2021,4,Q4,10,October,Oct,43,30
2021-10-31,2021,4,Q4,10,October,Oct,43,31
2021-11-01,2021,4,Q4,11,November,Nov,44,1
2021-11-02,2021,4,Q4,11,November,Nov,44,2
2021-11-03,2021,4,Q4,11,November,Nov,44,3
2021-11-04,2021,4,Q4,11,November,Nov,44,4
2021-11-05,2021,4,Q4,11,November,Nov,44,5
2021-11-06,2021,4,Q4,11,November,Nov,44,6
2021-11-07,2021,4,Q4,11,November,Nov,44,7
2021-11-08,2021,4,Q4,11,November,Nov,45,8
2021-11-09,2021,4,Q4,11,November,Nov,45,9
2021-11-10,2021,4,Q4,11,November,Nov,45,10
2021-11-11,2021,4,Q4,11,November,Nov,45,11
2021-11-12,2021,4,Q4,11,November,Nov,45,12
2021-11-13,2021,4,Q4,11,November,Nov,45,13
2021-11-14,2021,4,Q4,11,November,Nov,45,14
2021-11-15,2021,4,Q4,11,November,Nov,46,15
2021-11-16,2021,4,Q4,11,November,Nov,46,16
2021-11-17,2021,4,Q4,11,November,Nov,46,17
2021-11-18,2021,4,Q4,11,November,Nov,46,18
2021-11-19,2021,4,Q4,11,November,Nov,46,19
2021-11-20,2021,4,Q4,11,November,Nov,46,20
2021-11-21,2021,4,Q4,11,November,Nov,46,21
2021-11-22,2021,4,Q4,11,November,Nov,47,22
2021-11-23,2021,4,Q4,11,November,Nov,47,23
2021-11-24,2021,4,Q4,11,November,Nov,47,24
2021-11-25,2021,4,Q4,11,November,Nov,47,25
2021-11-26,2021,4,Q4,11,November,Nov,47,26
2021-11-27,2021,4,Q4,11,November,Nov,47,27
2021-11-28,2021,4,Q4,11,November,Nov,47,28
2021-11-29,2021,4,Q4,11,November,Nov,48,29
2021-11-30,2021,4,Q4,11,November,Nov,48,30
2021-12-01,2021,4,Q4,12,December,Dec,48,1
2021-12-02,2021,4,Q4,12,December,Dec,48,2
2021-12-03,2021,4,Q4,12,December,Dec,48,3
2021-12-04,2021,4,Q4,12,December,Dec,48,4
2021-12-05,2021,4,Q4,12,December,Dec,48,5
2021-12-06,2021,4,Q4,12,December,Dec,49,6
2021-12-07,2021,4,Q4,12,December,Dec,49,7
2021-12-08,2021,4,Q4,12,December,Dec,49,8
2021-12-09,2021,4,Q4,12,December,Dec,49,9
2021-12-10,2021,4,Q4,12,December,Dec,49,10
2021-12-11,2021,4,Q4,12,December,Dec,49,11
2021-12-12,2021,4,Q4,12,December,Dec,49,12
2021-12-13,2021,4,Q4,12,December,Dec,50,13
2021-12-14,2021,4,Q4,12,December,Dec,50,14
2021-12-15,2021,4,Q4,12,December,Dec,50,15
2021-12-16,2021,4,Q4,12,December,Dec,50,16
2021-12-17,2021,4,Q4,12,December,Dec,50,17
2021-12-18,2021,4,Q4,12,December,Dec,50,18
2021-12-19,2021,4,Q4,12,December,Dec,50,19
2021-12-20,2021,4,Q4,12,December,Dec,51,20
2021-12-21,2021,4,Q4,12,December,Dec,51,21
2021-12-22,2021,4,Q4,12,December,Dec,51,22
2021-12-23,2021,4,Q4,12,December,Dec,51,23
2021-12-24,2021,4,Q4,12,December,Dec,51,24
2021-12-25,2021,4,Q4,12,December,Dec,51,25
2021-12-26,2021,4,Q4,12,December,Dec,51,26
2021-12-27,2021,4,Q4,12,December,Dec,52,27
2021-12-28,2021,4,Q4,12,December,Dec,52,28
2021-12-29,2021,4,Q4,12,December,Dec,52,29
2021-12-30,2021,4,Q4,12,December,Dec,52,30
2021-12-31,2021,4,Q4,12,December,Dec,52,31
2022-01-01,2022,1,Q1,1,January,Jan,0,1
2022-01-02,2022,1,Q1,1,January,Jan,0,2
2022-01-03,2022,1,Q1,1,January,Jan,1,3
2022-01-04,2022,1,Q1,1,January,Jan,1,4
2022-01-05,2022,1,Q1,1,January,Jan,1,5
2022-01-06,2022,1,Q1,1,January,Jan,1,6
2022-01-07,2022,1,Q1,1,January,Jan,1,7
2022-01-08,2022,1,Q1,1,January,Jan,1,8
2022-01-09,2022,1,Q1,1,January,Jan,1,9
2022-01-10,2022,1,Q1,1,January,Jan,2,10
2022-01-11,2022,1,Q1,1,January,Jan,2,11
2022-01-12,2022,1,Q1,1,January,Jan,2,12
2022-01-13,2022,1,Q1,1,January,Jan,2,13
2022-01-14,2022,1,Q1,1,January,Jan,2,14
2022-01-15,2022,1,Q1,1,January,Jan,2,15
2022-01-16,2022,1,Q1,1,January,Jan,2,16
2022-01-17,2022,1,Q1,1,January,Jan,3,17
2022-01-18,2022,1,Q1,1,January,Jan,3,18
2022-01-19,2022,1,Q1,1,January,Jan,3,19
2022-01-20,2022,1,Q1,1,January,Jan,3,20
2022-01-21,2022,1,Q1,1,January,Jan,3,21
2022-01-22,2022,1,Q1,1,January,Jan,3,22
2022-01-23,2022,1,Q1,1,January,Jan,3,23
2022-01-24,2022,1,Q1,1,January,Jan,4,24
2022-01-25,2022,1,Q1,1,January,Jan,4,25
2022-01-26,2022,1,Q1,1,January,Jan,4,26
2022-01-27,2022,1,Q1,1,January,Jan,4,27
2022-01-28,2022,1,Q1,1,January,Jan,4,28
2022-01-29,2022,1,Q1,1,January,Jan,4,29
2022-01-30,2022,1,Q1,1,January,Jan,4,30
2022-01-31,2022,1,Q1,1,January,Jan,5,31
2022-02-01,2022,1,Q1,2,February,Feb,5,1
2022-02-02,2022,1,Q1,2,February,Feb,5,2
2022-02-03,2022,1,Q1,2,February,Feb,5,3
2022-02-04,2022,1,Q1,2,February,Feb,5,4
2022-02-05,2022,1,Q1,2,February,Feb,5,5
2022-02-06,2022,1,Q1,2,February,Feb,5,6
2022-02-07,2022,1,Q1,2,February,Feb,6,7
2022-02-08,2022,1,Q1,2,February,Feb,6,8
2022-02-09,2022,1,Q1,2,February,Feb,6,9
2022-02-10,2022,1,Q1,2,February,Feb,6,10
2022-02-11,2022,1,Q1,2,February,Feb,6,11
2022-02-12,2022,1,Q1,2,February,Feb,6,12
2022-02-13,2022,1,Q1,2,February,Feb,6,13
2022-02-14,2022,1,Q1,2,February,Feb,7,14
2022-02-15,2022,1,Q1,2,February,Feb,7,15
2022-02-16,2022,1,Q1,2,February,Feb,7,16
2022-02-17,2022,1,Q1,2,February,Feb,7,17
2022-02-18,2022,1,Q1,2,February,Feb,7,18
2022-02-19,2022,1,Q1,2,February,Feb,7,19
2022-02-20,2022,1,Q1,2,February,Feb,7,20
2022-02-21,2022,1,Q1,2,February,Feb,8,21
2022-02-22,2022,1,Q1,2,February,Feb,8,22
2022-02-23,2022,1,Q1,2,February,Feb,8,23
2022-02-24,2022,1,Q1,2,February,Feb,8,24
2022-02-25,2022,1,Q1,2,February,Feb,8,25
2022-02-26,2022,1,Q1,2,February,Feb,8,26
2022-02-27,2022,1,Q1,2,February,Feb,8,27
2022-02-28,2022,1,Q1,2,February,Feb,9,28
2022-03-01,2022,1,Q1,3,March,Mar,9,1
2022-03-02,2022,1,Q1,3,March,Mar,9,2
2022-03-03,2022,1,Q1,3,March,Mar,9,3
2022-03-04,2022,1,Q1,3,March,Mar,9,4
2022-03-05,2022,1,Q1,3,March,Mar,9,5
2022-03-06,2022,1,Q1,3,March,Mar,9,6
2022-03-07,2022,1,Q1,3,March,Mar,10,7
2022-03-08,2022,1,Q1,3,March,Mar,10,8
2022-03-09,2022,1,Q1,3,March,Mar,10,9
2022-03-10,2022,1,Q1,3,March,Mar,10,10
2022-03-11,2022,1,Q1,3,March,Mar,10,11
2022-03-12,2022,1,Q1,3,March,Mar,10,12
2022-03-13,2022,1,Q1,3,March,Mar,10,13
2022-03-14,2022,1,Q1,3,March,Mar,11,14
2022-03-15,2022,1,Q1,3,March,Mar,11,15
2022-03-16,2022,1,Q1,3,March,Mar,11,16
2022-03-17,2022,1,Q1,3,March,Mar,11,17
2022-03-18,2022,1,Q1,3,March,Mar,11,18
2022-03-19,2022,1,Q1,3,March,Mar,11,19
2022-03-20,2022,1,Q1,3,March,Mar,11,20
2022-03-21,2022,1,Q1,3,March,Mar,12,21
2022-03-22,2022,1,Q1,3,March,Mar,12,22
2022-03-23,2022,1,Q1,3,March,Mar,12,23
2022-03-24,2022,1,Q1,3,March,Mar,12,24
2022-03-25,2022,1,Q1,3,March,Mar,12,25
2022-03-26,2022,1,Q1,3,March,Mar,12,26
2022-03-27,2022,1,Q1,3,March,Mar,12,27
2022-03-28,2022,1,Q1,3,March,Mar,13,28
2022-03-29,2022,1,Q1,3,March,Mar,13,29
2022-03-30,2022,1,Q1,3,March,Mar,13,30
2022-03-31,2022,1,Q1,3,March,Mar,13,31
2022-04-01,2022,2,Q2,4,April,Apr,13,1
2022-04-02,2022,2,Q2,4,April,Apr,13,2
2022-04-03,2022,2,Q2,4,April,Apr,13,3
2022-04-04,2022,2,Q2,4,April,Apr,14,4
2022-04-05,2022,2,Q2,4,April,Apr,14,5
2022-04-06,2022,2,Q2,4,April,Apr,14,6
2022-04-07,2022,2,Q2,4,April,Apr,14,7
2022-04-08,2022,2,Q2,4,April,Apr,14,8
2022-04-09,2022,2,Q2,4,April,Apr,14,9
2022-04-10,2022,2,Q2,4,April,Apr,14,10
2022-04-11,2022,2,Q2,4,April,Apr,15,11
2022-04-12,2022,2,Q2,4,April,Apr,15,12
2022-04-13,2022,2,Q2,4,April,Apr,15,13
2022-04-14,2022,2,Q2,4,April,Apr,15,14
2022-04-15,2022,2,Q2,4,April,Apr,15,15
2022-04-16,2022,2,Q2,4,April,Apr,15,16
2022-04-17,2022,2,Q2,4,April,Apr,15,17
2022-04-18,2022,2,Q2,4,April,Apr,16,18
2022-04-19,2022,2,Q2,4,April,Apr,16,19
2022-04-20,2022,2,Q2,4,April,Apr,16,20
2022-04-21,2022,2,Q2,4,April,Apr,16,21
2022-04-22,2022,2,Q2,4,April,Apr,16,22
2022-04-23,2022,2,Q2,4,April,Apr,16,23
2022-04-24,2022,2,Q2,4,April,Apr,16,24
2022-04-25,2022,2,Q2,4,April,Apr,17,25
2022-04-26,2022,2,Q2,4,April,Apr,17,26
2022-04-27,2022,2,Q2,4,April,Apr,17,27
2022-04-28,2022,2,Q2,4,April,Apr,17,28
2022-04-29,2022,2,Q2,4,April,Apr,17,29
2022-04-30,2022,2,Q2,4,April,Apr,17,30
2022-05-01,2022,2,Q2,5,May,May,17,1
2022-05-02,2022,2,Q2,5,May,May,18,2
2022-05-03,2022,2,Q2,5,May,May,18,3
2022-05-04,2022,2,Q2,5,May,May,18,4
2022-05-05,2022,2,Q2,5,May,May,18,5
2022-05-06,2022,2,Q2,5,May,May,18,6
2022-05-07,2022,2,Q2,5,May,May,18,7
2022-05-08,2022,2,Q2,5,May,May,18,8
2022-05-09,2022,2,Q2,5,May,May,19,9
2022-05-10,2022,2,Q2,5,May,May,19,10
2022-05-11,2022,2,Q2,5,May,May,19,11
2022-05-12,2022,2,Q2,5,May,May,19,12
2022-05-13,2022,2,Q2,5,May,May,19,13
2022-05-14,2022,2,Q2,5,May,May,19,14
2022-05-15,2022,2,Q2,5,May,May,19,15
2022-05-16,2022,2,Q2,5,May,May,20,16
2022-05-17,2022,2,Q2,5,May,May,20,17
2022-05-18,2022,2,Q2,5,May,May,20,18
2022-05-19,2022,2,Q2,5,May,May,20,19
2022-05-20,2022,2,Q2,5,May,May,20,20
2022-05-21,2022,2,Q2,5,May,May,20,21
2022-05-22,2022,2,Q2,5,May,May,20,22
2022-05-23,2022,2,Q2,5,May,May,21,23
2022-05-24,2022,2,Q2,5,May,May,21,24
2022-05-25,2022,2,Q2,5,May,May,21,25
2022-05-26,2022,2,Q2,5,May,May,21,26
2022-05-27,2022,2,Q2,5,May,May,21,27
2022-05-28,2022,2,Q2,5,May,May,21,28
2022-05-29,2022,2,Q2,5,May,May,21,29
2022-05-30,2022,2,Q2,5,May,May,22,30
2022-05-31,2022,2,Q2,5,May,May,22,31
2022-06-01,2022,2,Q2,6,June,Jun,22,1
2022-06-02,2022,2,Q2,6,June,Jun,22,2
2022-06-03,2022,2,Q2,6,June,Jun,22,3
2022-06-04,2022,2,Q2,6,June,Jun,22,4
2022-06-05,2022,2,Q2,6,June,Jun,22,5
2022-06-06,2022,2,Q2,6,June,Jun,23,6
2022-06-07,2022,2,Q2,6,June,Jun,23,7
2022-06-08,2022,2,Q2,6,June,Jun,23,8
2022-06-09,2022,2,Q2,6,June,Jun,23,9
2022-06-10,2022,2,Q2,6,June,Jun,23,10
2022-06-11,2022,2,Q2,6,June,Jun,23,11
2022-06-12,2022,2,Q2,6,June,Jun,23,12
2022-06-13,2022,2,Q2,6,June,Jun,24,13
2022-06-14,2022,2,Q2,6,June,Jun,24,14
2022-06-15,2022,2,Q2,6,June,Jun,24,15
2022-06-16,2022,2,Q2,6,June,Jun,24,16
2022-06-17,2022,2,Q2,6,June,Jun,24,17
2022-06-18,2022,2,Q2,6,June,Jun,24,18
2022-06-19,2022,2,Q2,6,June,Jun,24,19
2022-06-20,2022,2,Q2,6,June,Jun,25,20
2022-06-21,2022,2,Q2,6,June,Jun,25,21
2022-06-22,2022,2,Q2,6,June,Jun,25,22
2022-06-23,2022,2,Q2,6,June,Jun,25,23
2022-06-24,2022,2,Q2,6,June,Jun,25,24
2022-06-25,2022,2,Q2,6,June,Jun,25,25
2022-06-26,2022,2,Q2,6,June,Jun,25,26
2022-06-27,2022,2,Q2,6,June,Jun,26,27
2022-06-28,2022,2,Q2,6,June,Jun,26,28
2022-06-29,2022,2,Q2,6,June,Jun,26,29
2022-06-30,2022,2,Q2,6,June,Jun,26,30
2022-07-01,2022,3,Q3,7,July,Jul,26,1
2022-07-02,2022,3,Q3,7,July,Jul,26,2
2022-07-03,2022,3,Q3,7,July,Jul,26,3
2022-07-04,2022,3,Q3,7,July,Jul,27,4
2022-07-05,2022,3,Q3,7,July,Jul,27,5
2022-07-06,2022,3,Q3,7,July,Jul,27,6
2022-07-07,2022,3,Q3,7,July,Jul,27,7
2022-07-08,2022,3,Q3,7,July,Jul,27,8
2022-07-09,2022,3,Q3,7,July,Jul,27,9
2022-07-10,2022,3,Q3,7,July,Jul,27,10
2022-07-11,2022,3,Q3,7,July,Jul,28,11
2022-07-12,2022,3,Q3,7,July,Jul,28,12
2022-07-13,2022,3,Q3,7,July,Jul,28,13
2022-07-14,2022,3,Q3,7,July,Jul,28,14
2022-07-15,2022,3,Q3,7,July,Jul,28,15
2022-07-16,2022,3,Q3,7,July,Jul,28,16
2022-07-17,2022,3,Q3,7,July,Jul,28,17
2022-07-18,2022,3,Q3,7,July,Jul,29,18
2022-07-19,2022,3,Q3,7,July,Jul,29,19
2022-07-20,2022,3,Q3,7,July,Jul,29,20
2022-07-21,2022,3,Q3,7,July,Jul,29,21
2022-07-22,2022,3,Q3,7,July,Jul,29,22
2022-07-23,2022,3,Q3,7,July,Jul,29,23
2022-07-24,2022,3,Q3,7,July,Jul,29,24
2022-07-25,2022,3,Q3,7,July,Jul,30,25
2022-07-26,2022,3,Q3,7,July,Jul,30,26
2022-07-27,2022,3,Q3,7,July,Jul,30,27
2022-07-28,2022,3,Q3,7,July,Jul,30,28
2022-07-29,2022,3,Q3,7,July,Jul,30,29
2022-07-30,2022,3,Q3,7,July,Jul,30,30
2022-07-31,2022,3,Q3,7,July,Jul,30,31
2022-08-01,2022,3,Q3,8,August,Aug,31,1
2022-08-02,2022,3,Q3,8,August,Aug,31,2
2022-08-03,2022,3,Q3,8,August,Aug,31,3
2022-08-04,2022,3,Q3,8,August,Aug,31,4
2022-08-05,2022,3,Q3,8,August,Aug,31,5
2022-08-06,2022,3,Q3,8,August,Aug,31,6
2022-08-07,2022,3,Q3,8,August,Aug,31,7
2022-08-08,2022,3,Q3,8,August,Aug,32,8
2022-08-09,2022,3,Q3,8,August,Aug,32,9
2022-08-10,2022,3,Q3,8,August,Aug,32,10
2022-08-11,2022,3,Q3,8,August,Aug,32,11
2022-08-12,2022,3,Q3,8,August,Aug,32,12
2022-08-13,2022,3,Q3,8,August,Aug,32,13
2022-08-14,2022,3,Q3,8,August,Aug,32,14
2022-08-15,2022,3,Q3,8,August,Aug,33,15
2022-08-16,2022,3,Q3,8,August,Aug,33,16
2022-08-17,2022,3,Q3,8,August,Aug,33,17
2022-08-18,2022,3,Q3,8,August,Aug,33,18
2022-08-19,2022,3,Q3,8,August,Aug,33,19
2022-08-20,2022,3,Q3,8,August,Aug,33,20
2022-08-21,2022,3,Q3,8,August,Aug,33,21
2022-08-22,2022,3,Q3,8,August,Aug,34,22
2022-08-23,2022,3,Q3,8,August,Aug,34,23
2022-08-24,2022,3,Q3,8,August,Aug,34,24
2022-08-25,2022,3,Q3,8,August,Aug,34,25
2022-08-26,2022,3,Q3,8,August,Aug,34,26
2022-08-27,2022,3,Q3,8,August,Aug,34,27
2022-08-28,2022,3,Q3,8,August,Aug,34,28
2022-08-29,2022,3,Q3,8,August,Aug,35,29
2022-08-30,2022,3,Q3,8,August,Aug,35,30
2022-08-31,2022,3,Q3,8,August,Aug,35,31
2022-09-01,2022,3,Q3,9,September,Sep,35,1
2022-09-02,2022,3,Q3,9,September,Sep,35,2
2022-09-03,2022,3,Q3,9,September,Sep,35,3
2022-09-04,2022,3,Q3,9,September,Sep,35,4
2022-09-05,2022,3,Q3,9,September,Sep,36,5
2022-09-06,2022,3,Q3,9,September,Sep,36,6
2022-09-07,2022,3,Q3,9,September,Sep,36,7
2022-09-08,2022,3,Q3,9,September,Sep,36,8
2022-09-09,2022,3,Q3,9,September,Sep,36,9
2022-09-10,2022,3,Q3,9,September,Sep,36,10
2022-09-11,2022,3,Q3,9,September,Sep,36,11
2022-09-12,2022,3,Q3,9,September,Sep,37,12
2022-09-13,2022,3,Q3,9,September,Sep,37,13
2022-09-14,2022,3,Q3,9,September,Sep,37,14
2022-09-15,2022,3,Q3,9,September,Sep,37,15
2022-09-16,2022,3,Q3,9,September,Sep,37,16
2022-09-17,2022,3,Q3,9,September,Sep,37,17
2022-09-18,2022,3,Q3,9,September,Sep,37,18
2022-09-19,2022,3,Q3,9,September,Sep,38,19
2022-09-20,2022,3,Q3,9,September,Sep,38,20
2022-09-21,2022,3,Q3,9,September,Sep,38,21
2022-09-22,2022,3,Q3,9,September,Sep,38,22
2022-09-23,2022,3,Q3,9,September,Sep,38,23
2022-09-24,2022,3,Q3,9,September,Sep,38,24
2022-09-25,2022,3,Q3,9,September,Sep,38,25
2022-09-26,2022,3,Q3,9,September,Sep,39,26
2022-09-27,2022,3,Q3,9,September,Sep,39,27
2022-09-28,2022,3,Q3,9,September,Sep,39,28
2022-09-29,2022,3,Q3,9,September,Sep,39,29
2022-09-30,2022,3,Q3,9,September,Sep,39,30
2022-10-01,2022,4,Q4,10,October,Oct,39,1
2022-10-02,2022,4,Q4,10,October,Oct,39,2
2022-10-03,2022,4,Q4,10,October,Oct,40,3
2022-10-04,2022,4,Q4,10,October,Oct,40,4
2022-10-05,2022,4,Q4,10,October,Oct,40,5
2022-10-06,2022,4,Q4,10,October,Oct,40,6
2022-10-07,2022,4,Q4,10,October,Oct,40,7
2022-10-08,2022,4,Q4,10,October,Oct,40,8
2022-10-09,2022,4,Q4,10,October,Oct,40,9
2022-10-10,2022,4,Q4,10,October,Oct,41,10
2022-10-11,2022,4,Q4,10,October,Oct,41,11
2022-10-12,2022,4,Q4,10,October,Oct,41,12
2022-10-13,2022,4,Q4,10,October,Oct,41,13
2022-10-14,2022,4,Q4,10,October,Oct,41,14
2022-10-15,2022,4,Q4,10,October,Oct,41,15
2022-10-16,2022,4,Q4,10,October,Oct,41,16
2022-10-17,2022,4,Q4,10,October,Oct,42,17
2022-10-18,2022,4,Q4,10,October,Oct,42,18
2022-10-19,2022,4,Q4,10,October,Oct,42,19
2022-10-20,2022,4,Q4,10,October,Oct,42,20
2022-10-21,2022,4,Q4,10,October,Oct,42,21
2022-10-22,2022,4,Q4,10,October,Oct,42,22
2022-10-23,2022,4,Q4,10,October,Oct,42,23
2022-10-24,2022,4,Q4,10,October,Oct,43,24
2022-10-25,2022,4,Q4,10,October,Oct,43,25
2022-10-26,2022,4,Q4,10,October,Oct,43,26
2022-10-27,2022,4,Q4,10,October,Oct,43,27
2022-10-28,2022,4,Q4,10,October,Oct,43,28
2022-10-29,2022,4,Q4,10,October,Oct,43,29
2022-10-30,2022,4,Q4,10,October,Oct,43,30
2022-10-31,2022,4,Q4,10,October,Oct,44,31
2022-11-01,2022,4,Q4,11,November,Nov,44,1
2022-11-02,2022,4,Q4,11,November,Nov,44,2
2022-11-03,2022,4,Q4,11,November,Nov,44,3
2022-11-04,2022,4,Q4,11,November,Nov,44,4
2022-11-05,2022,4,Q4,11,November,Nov,44,5
2022-11-06,2022,4,Q4,11,November,Nov,44,6
2022-11-07,2022,4,Q4,11,November,Nov,45,7
2022-11-08,2022,4,Q4,11,November,Nov,45,8
2022-11-09,2022,4,Q4,11,November,Nov,45,9
2022-11-10,2022,4,Q4,11,November,Nov,45,10
2022-11-11,2022,4,Q4,11,November,Nov,45,11
2022-11-12,2022,4,Q4,11,November,Nov,45,12
2022-11-13,2022,4,Q4,11,November,Nov,45,13
2022-11-14,2022,4,Q4,11,November,Nov,46,14
2022-11-15,2022,4,Q4,11,November,Nov,46,15
2022-11-16,2022,4,Q4,11,November,Nov,46,16
2022-11-17,2022,4,Q4,11,November,Nov,46,17
2022-11-18,2022,4,Q4,11,November,Nov,46,18
2022-11-19,2022,4,Q4,11,November,Nov,46,19
2022-11-20,2022,4,Q4,11,November,Nov,46,20
2022-11-21,2022,4,Q4,11,November,Nov,47,21
2022-11-22,2022,4,Q4,11,November,Nov,47,22
2022-11-23,2022,4,Q4,11,November,Nov,47,23
2022-11-24,2022,4,Q4,11,November,Nov,47,24
2022-11-25,2022,4,Q4,11,November,Nov,47,25
2022-11-26,2022,4,Q4,11,November,Nov,47,26
2022-11-27,2022,4,Q4,11,November,Nov,47,27
2022-11-28,2022,4,Q4,11,November,Nov,48,28
2022-11-29,2022,4,Q4,11,November,Nov,48,29
2022-11-30,2022,4,Q4,11,November,Nov,48,30
2022-12-01,2022,4,Q4,12,December,Dec,48,1
2022-12-02,2022,4,Q4,12,December,Dec,48,2
2022-12-03,2022,4,Q4,12,December,Dec,48,3
2022-12-04,2022,4,Q4,12,December,Dec,48,4
2022-12-05,2022,4,Q4,12,December,Dec,49,5
2022-12-06,2022,4,Q4,12,December,Dec,49,6
2022-12-07,2022,4,Q4,12,December,Dec,49,7
2022-12-08,2022,4,Q4,12,December,Dec,49,8
2022-12-09,2022,4,Q4,12,December,Dec,49,9
2022-12-10,2022,4,Q4,12,December,Dec,49,10
2022-12-11,2022,4,Q4,12,December,Dec,49,11
2022-12-12,2022,4,Q4,12,December,Dec,50,12
2022-12-13,2022,4,Q4,12,December,Dec,50,13
2022-12-14,2022,4,Q4,12,December,Dec,50,14
2022-12-15,2022,4,Q4,12,December,Dec,50,15
2022-12-16,2022,4,Q4,12,December,Dec,50,16
2022-12-17,2022,4,Q4,12,December,Dec,50,17
2022-12-18,2022,4,Q4,12,December,Dec,50,18
2022-12-19,2022,4,Q4,12,December,Dec,51,19
2022-12-20,2022,4,Q4,12,December,Dec,51,20
2022-12-21,2022,4,Q4,12,December,Dec,51,21
2022-12-22,2022,4,Q4,12,December,Dec,51,22
2022-12-23,2022,4,Q4,12,December,Dec,51,23
2022-12-24,2022,4,Q4,12,December,Dec,51,24
2022-12-25,2022,4,Q4,12,December,Dec,51,25
2022-12-26,2022,4,Q4,12,December,Dec,52,26
2022-12-27,2022,4,Q4,12,December,Dec,52,27
2022-12-28,2022,4,Q4,12,December,Dec,52,28
2022-12-29,2022,4,Q4,12,December,Dec,52,29
2022-12-30,2022,4,Q4,12,December,Dec,52,30
2022-12-31,2022,4,Q4,12,December,Dec,52,31
2023-01-01,2023,1,Q1,1,January,Jan,0,1
2023-01-02,2023,1,Q1,1,January,Jan,1,2
2023-01-03,2023,1,Q1,1,January,Jan,1,3
2023-01-04,2023,1,Q1,1,January,Jan,1,4
2023-01-05,2023,1,Q1,1,January,Jan,1,5
2023-01-06,2023,1,Q1,1,January,Jan,1,6
2023-01-07,2023,1,Q1,1,January,Jan,1,7
2023-01-08,2023,1,Q1,1,January,Jan,1,8
2023-01-09,2023,1,Q1,1,January,Jan,2,9
2023-01-10,2023,1,Q1,1,January,Jan,2,10
2023-01-11,2023,1,Q1,1,January,Jan,2,11
2023-01-12,2023,1,Q1,1,January,Jan,2,12
2023-01-13,2023,1,Q1,1,January,Jan,2,13
2023-01-14,2023,1,Q1,1,January,Jan,2,14
2023-01-15,2023,1,Q1,1,January,Jan,2,15
2023-01-16,2023,1,Q1,1,January,Jan,3,16
2023-01-17,2023,1,Q1,1,January,Jan,3,17
2023-01-18,2023,1,Q1,1,January,Jan,3,18
2023-01-19,2023,1,Q1,1,January,Jan,3,19
2023-01-20,2023,1,Q1,1,January,Jan,3,20
2023-01-21,2023,1,Q1,1,January,Jan,3,21
2023-01-22,2023,1,Q1,1,January,Jan,3,22
2023-01-23,2023,1,Q1,1,January,Jan,4,23
2023-01-24,2023,1,Q1,1,January,Jan,4,24
2023-01-25,2023,1,Q1,1,January,Jan,4,25
2023-01-26,2023,1,Q1,1,January,Jan,4,26
2023-01-27,2023,1,Q1,1,January,Jan,4,27
2023-01-28,2023,1,Q1,1,January,Jan,4,28
2023-01-29,2023,1,Q1,1,January,Jan,4,29
2023-01-30,2023,1,Q1,1,January,Jan,5,30
2023-01-31,2023,1,Q1,1,January,Jan,5,31
2023-02-01,2023,1,Q1,2,February,Feb,5,1
2023-02-02,2023,1,Q1,2,February,Feb,5,2
2023-02-03,2023,1,Q1,2,February,Feb,5,3
2023-02-04,2023,1,Q1,2,February,Feb,5,4
2023-02-05,2023,1,Q1,2,February,Feb,5,5
2023-02-06,2023,1,Q1,2,February,Feb,6,6
2023-02-07,2023,1,Q1,2,February,Feb,6,7
2023-02-08,2023,1,Q1,2,February,Feb,6,8
2023-02-09,2023,1,Q1,2,February,Feb,6,9
2023-02-10,2023,1,Q1,2,February,Feb,6,10
2023-02-11,2023,1,Q1,2,February,Feb,6,11
2023-02-12,2023,1,Q1,2,February,Feb,6,12
2023-02-13,2023,1,Q1,2,February,Feb,7,13
2023-02-14,2023,1,Q1,2,February,Feb,7,14
2023-02-15,2023,1,Q1,2,February,Feb,7,15
2023-02-16,2023,1,Q1,2,February,Feb,7,16
2023-02-17,2023,1,Q1,2,February,Feb,7,17
2023-02-18,2023,1,Q1,2,February,Feb,7,18
2023-02-19,2023,1,Q1,2,February,Feb,7,19
2023-02-20,2023,1,Q1,2,February,Feb,8,20
2023-02-21,2023,1,Q1,2,February,Feb,8,21
2023-02-22,2023,1,Q1,2,February,Feb,8,22
2023-02-23,2023,1,Q1,2,February,Feb,8,23
2023-02-24,2023,1,Q1,2,February,Feb,8,24
2023-02-25,2023,1,Q1,2,February,Feb,8,25
2023-02-26,2023,1,Q1,2,February,Feb,8,26
2023-02-27,2023,1,Q1,2,February,Feb,9,27
2023-02-28,2023,1,Q1,2,February,Feb,9,28
2023-03-01,2023,1,Q1,3,March,Mar,9,1
2023-03-02,2023,1,Q1,3,March,Mar,9,2
2023-03-03,2023,1,Q1,3,March,Mar,9,3
2023-03-04,2023,1,Q1,3,March,Mar,9,4
2023-03-05,2023,1,Q1,3,March,Mar,9,5
2023-03-06,2023,1,Q1,3,March,Mar,10,6
2023-03-07,2023,1,Q1,3,March,Mar,10,7
2023-03-08,2023,1,Q1,3,March,Mar,10,8
2023-03-09,2023,1,Q1,3,March,Mar,10,9
2023-03-10,2023,1,Q1,3,March,Mar,10,10
2023-03-11,2023,1,Q1,3,March,Mar,10,11
2023-03-12,2023,1,Q1,3,March,Mar,10,12
2023-03-13,2023,1,Q1,3,March,Mar,11,13
2023-03-14,2023,1,Q1,3,March,Mar,11,14
2023-03-15,2023,1,Q1,3,March,Mar,11,15
2023-03-16,2023,1,Q1,3,March,Mar,11,16
2023-03-17,2023,1,Q1,3,March,Mar,11,17
2023-03-18,2023,1,Q1,3,March,Mar,11,18
2023-03-19,2023,1,Q1,3,March,Mar,11,19
2023-03-20,2023,1,Q1,3,March,Mar,12,20
2023-03-21,2023,1,Q1,3,March,Mar,12,21
2023-03-22,2023,1,Q1,3,March,Mar,12,22
2023-03-23,2023,1,Q1,3,March,Mar,12,23
2023-03-24,2023,1,Q1,3,March,Mar,12,24
2023-03-25,2023,1,Q1,3,March,Mar,12,25
2023-03-26,2023,1,Q1,3,March,Mar,12,26
2023-03-27,2023,1,Q1,3,March,Mar,13,27
2023-03-28,2023,1,Q1,3,March,Mar,13,28
2023-03-29,2023,1,Q1,3,March,Mar,13,29
2023-03-30,2023,1,Q1,3,March,Mar,13,30
2023-03-31,2023,1,Q1,3,March,Mar,13,31
2023-04-01,2023,2,Q2,4,April,Apr,13,1
2023-04-02,2023,2,Q2,4,April,Apr,13,2
2023-04-03,2023,2,Q2,4,April,Apr,14,3
2023-04-04,2023,2,Q2,4,April,Apr,14,4
2023-04-05,2023,2,Q2,4,April,Apr,14,5
2023-04-06,2023,2,Q2,4,April,Apr,14,6
2023-04-07,2023,2,Q2,4,April,Apr,14,7
2023-04-08,2023,2,Q2,4,April,Apr,14,8
2023-04-09,2023,2,Q2,4,April,Apr,14,9
2023-04-10,2023,2,Q2,4,April,Apr,15,10
2023-04-11,2023,2,Q2,4,April,Apr,15,11
2023-04-12,2023,2,Q2,4,April,Apr,15,12
2023-04-13,2023,2,Q2,4,April,Apr,15,13
2023-04-14,2023,2,Q2,4,April,Apr,15,14
2023-04-15,2023,2,Q2,4,April,Apr,15,15
2023-04-16,2023,2,Q2,4,April,Apr,15,16
2023-04-17,2023,2,Q2,4,April,Apr,16,17
2023-04-18,2023,2,Q2,4,April,Apr,16,18
2023-04-19,2023,2,Q2,4,April,Apr,16,19
2023-04-20,2023,2,Q2,4,April,Apr,16,20
2023-04-21,2023,2,Q2,4,April,Apr,16,21
2023-04-22,2023,2,Q2,4,April,Apr,16,22
2023-04-23,2023,2,Q2,4,April,Apr,16,23
2023-04-24,2023,2,Q2,4,April,Apr,17,24
2023-04-25,2023,2,Q2,4,April,Apr,17,25
2023-04-26,2023,2,Q2,4,April,Apr,17,26
2023-04-27,2023,2,Q2,4,April,Apr,17,27
2023-04-28,2023,2,Q2,4,April,Apr,17,28
2023-04-29,2023,2,Q2,4,April,Apr,17,29
2023-04-30,2023,2,Q2,4,April,Apr,17,30
2023-05-01,2023,2,Q2,5,May,May,18,1
2023-05-02,2023,2,Q2,5,May,May,18,2
2023-05-03,2023,2,Q2,5,May,May,18,3
2023-05-04,2023,2,Q2,5,May,May,18,4
2023-05-05,2023,2,Q2,5,May,May,18,5
2023-05-06,2023,2,Q2,5,May,May,18,6
2023-05-07,2023,2,Q2,5,May,May,18,7
2023-05-08,2023,2,Q2,5,May,May,19,8
2023-05-09,2023,2,Q2,5,May,May,19,9
2023-05-10,2023,2,Q2,5,May,May,19,10
2023-05-11,2023,2,Q2,5,May,May,19,11
2023-05-12,2023,2,Q2,5,May,May,19,12
2023-05-13,2023,2,Q2,5,May,May,19,13
2023-05-14,2023,2,Q2,5,May,May,19,14
2023-05-15,2023,2,Q2,5,May,May,20,15
2023-05-16,2023,2,Q2,5,May,May,20,16
2023-05-17,2023,2,Q2,5,May,May,20,17
2023-05-18,2023,2,Q2,5,May,May,20,18
2023-05-19,2023,2,Q2,5,May,May,20,19
2023-05-20,2023,2,Q2,5,May,May,20,20
2023-05-21,2023,2,Q2,5,May,May,20,21
2023-05-22,2023,2,Q2,5,May,May,21,22
2023-05-23,2023,2,Q2,5,May,May,21,23
2023-05-24,2023,2,Q2,5,May,May,21,24
2023-05-25,2023,2,Q2,5,May,May,21,25
2023-05-26,2023,2,Q2,5,May,May,21,26
2023-05-27,2023,2,Q2,5,May,May,21,27
2023-05-28,2023,2,Q2,5,May,May,21,28
2023-05-29,2023,2,Q2,5,May,May,22,29
2023-05-30,2023,2,Q2,5,May,May,22,30
2023-05-31,2023,2,Q2,5,May,May,22,31
2023-06-01,2023,2,Q2,6,June,Jun,22,1
2023-06-02,2023,2,Q2,6,June,Jun,22,2
2023-06-03,2023,2,Q2,6,June,Jun,22,3
2023-06-04,2023,2,Q2,6,June,Jun,22,4
2023-06-05,2023,2,Q2,6,June,Jun,23,5
2023-06-06,2023,2,Q2,6,June,Jun,23,6
2023-06-07,2023,2,Q2,6,June,Jun,23,7
2023-06-08,2023,2,Q2,6,June,Jun,23,8
2023-06-09,2023,2,Q2,6,June,Jun,23,9
2023-06-10,2023,2,Q2,6,June,Jun,23,10
2023-06-11,2023,2,Q2,6,June,Jun,23,11
2023-06-12,2023,2,Q2,6,June,Jun,24,12
2023-06-13,2023,2,Q2,6,June,Jun,24,13
2023-06-14,2023,2,Q2,6,June,Jun,24,14
2023-06-15,2023,2,Q2,6,June,Jun,24,15
2023-06-16,2023,2,Q2,6,June,Jun,24,16
2023-06-17,2023,2,Q2,6,June,Jun,24,17
2023-06-18,2023,2,Q2,6,June,Jun,24,18
2023-06-19,2023,2,Q2,6,June,Jun,25,19
2023-06-20,2023,2,Q2,6,June,Jun,25,20
2023-06-21,2023,2,Q2,6,June,Jun,25,21
2023-06-22,2023,2,Q2,6,June,Jun,25,22
2023-06-23,2023,2,Q2,6,June,Jun,25,23
2023-06-24,2023,2,Q2,6,June,Jun,25,24
2023-06-25,2023,2,Q2,6,June,Jun,25,25
2023-06-26,2023,2,Q2,6,June,Jun,26,26
2023-06-27,2023,2,Q2,6,June,Jun,26,27
2023-06-28,2023,2,Q2,6,June,Jun,26,28
2023-06-29,2023,2,Q2,6,June,Jun,26,29
2023-06-30,2023,2,Q2,6,June,Jun,26,30
2023-07-01,2023,3,Q3,7,July,Jul,26,1
2023-07-02,2023,3,Q3,7,July,Jul,26,2
2023-07-03,2023,3,Q3,7,July,Jul,27,3
2023-07-04,2023,3,Q3,7,July,Jul,27,4
2023-07-05,2023,3,Q3,7,July,Jul,27,5
2023-07-06,2023,3,Q3,7,July,Jul,27,6
2023-07-07,2023,3,Q3,7,July,Jul,27,7
2023-07-08,2023,3,Q3,7,July,Jul,27,8
2023-07-09,2023,3,Q3,7,July,Jul,27,9
2023-07-10,2023,3,Q3,7,July,Jul,28,10
2023-07-11,2023,3,Q3,7,July,Jul,28,11
2023-07-12,2023,3,Q3,7,July,Jul,28,12
2023-07-13,2023,3,Q3,7,July,Jul,28,13
2023-07-14,2023,3,Q3,7,July,Jul,28,14
2023-07-15,2023,3,Q3,7,July,Jul,28,15
2023-07-16,2023,3,Q3,7,July,Jul,28,16
2023-07-17,2023,3,Q3,7,July,Jul,29,17
2023-07-18,2023,3,Q3,7,July,Jul,29,18
2023-07-19,2023,3,Q3,7,July,Jul,29,19
2023-07-20,2023,3,Q3,7,July,Jul,29,20
2023-07-21,2023,3,Q3,7,July,Jul,29,21
2023-07-22,2023,3,Q3,7,July,Jul,29,22
2023-07-23,2023,3,Q3,7,July,Jul,29,23
2023-07-24,2023,3,Q3,7,July,Jul,30,24
2023-07-25,2023,3,Q3,7,July,Jul,30,25
2023-07-26,2023,3,Q3,7,July,Jul,30,26
2023-07-27,2023,3,Q3,7,July,Jul,30,27
2023-07-28,2023,3,Q3,7,July,Jul,30,28
2023-07-29,2023,3,Q3,7,July,Jul,30,29
2023-07-30,2023,3,Q3,7,July,Jul,30,30
2023-07-31,2023,3,Q3,7,July,Jul,31,31
2023-08-01,2023,3,Q3,8,August,Aug,31,1
2023-08-02,2023,3,Q3,8,August,Aug,31,2
2023-08-03,2023,3,Q3,8,August,Aug,31,3
2023-08-04,2023,3,Q3,8,August,Aug,31,4
2023-08-05,2023,3,Q3,8,August,Aug,31,5
2023-08-06,2023,3,Q3,8,August,Aug,31,6
2023-08-07,2023,3,Q3,8,August,Aug,32,7
2023-08-08,2023,3,Q3,8,August,Aug,32,8
2023-08-09,2023,3,Q3,8,August,Aug,32,9
2023-08-10,2023,3,Q3,8,August,Aug,32,10
2023-08-11,2023,3,Q3,8,August,Aug,32,11
2023-08-12,2023,3,Q3,8,August,Aug,32,12
2023-08-13,2023,3,Q3,8,August,Aug,32,13
2023-08-14,2023,3,Q3,8,August,Aug,33,14
2023-08-15,2023,3,Q3,8,August,Aug,33,15
2023-08-16,2023,3,Q3,8,August,Aug,33,16
2023-08-17,2023,3,Q3,8,August,Aug,33,17
2023-08-18,2023,3,Q3,8,August,Aug,33,18
2023-08-19,2023,3,Q3,8,August,Aug,33,19
2023-08-20,2023,3,Q3,8,August,Aug,33,20
2023-08-21,2023,3,Q3,8,August,Aug,34,21
2023-08-22,2023,3,Q3,8,August,Aug,34,22
2023-08-23,2023,3,Q3,8,August,Aug,34,23
2023-08-24,2023,3,Q3,8,August,Aug,34,24
2023-08-25,2023,3,Q3,8,August,Aug,34,25
2023-08-26,2023,3,Q3,8,August,Aug,34,26
2023-08-27,2023,3,Q3,8,August,Aug,34,27
2023-08-28,2023,3,Q3,8,August,Aug,35,28
2023-08-29,2023,3,Q3,8,August,Aug,35,29
2023-08-30,2023,3,Q3,8,August,Aug,35,30
2023-08-31,2023,3,Q3,8,August,Aug,35,31
2023-09-01,2023,3,Q3,9,September,Sep,35,1
2023-09-02,2023,3,Q3,9,September,Sep,35,2
2023-09-03,2023,3,Q3,9,September,Sep,35,3
2023-09-04,2023,3,Q3,9,September,Sep,36,4
2023-09-05,2023,3,Q3,9,September,Sep,36,5
2023-09-06,2023,3,Q3,9,September,Sep,36,6
2023-09-07,2023,3,Q3,9,September,Sep,36,7
2023-09-08,2023,3,Q3,9,September,Sep,36,8
2023-09-09,2023,3,Q3,9,September,Sep,36,9
2023-09-10,2023,3,Q3,9,September,Sep,36,10
2023-09-11,2023,3,Q3,9,September,Sep,37,11
2023-09-12,2023,3,Q3,9,September,Sep,37,12
2023-09-13,2023,3,Q3,9,September,Sep,37,13
2023-09-14,2023,3,Q3,9,September,Sep,37,14
2023-09-15,2023,3,Q3,9,September,Sep,37,15
2023-09-16,2023,3,Q3,9,September,Sep,37,16
2023-09-17,2023,3,Q3,9,September,Sep,37,17
2023-09-18,2023,3,Q3,9,September,Sep,38,18
2023-09-19,2023,3,Q3,9,September,Sep,38,19
2023-09-20,2023,3,Q3,9,September,Sep,38,20
2023-09-21,2023,3,Q3,9,September,Sep,38,21
2023-09-22,2023,3,Q3,9,September,Sep,38,22
2023-09-23,2023,3,Q3,9,September,Sep,38,23
2023-09-24,2023,3,Q3,9,September,Sep,38,24
2023-09-25,2023,3,Q3,9,September,Sep,39,25
2023-09-26,2023,3,Q3,9,September,Sep,39,26
2023-09-27,2023,3,Q3,9,September,Sep,39,27
2023-09-28,2023,3,Q3,9,September,Sep,39,28
2023-09-29,2023,3,Q3,9,September,Sep,39,29
2023-09-30,2023,3,Q3,9,September,Sep,39,30
2023-10-01,2023,4,Q4,10,October,Oct,39,1
2023-10-02,2023,4,Q4,10,October,Oct,40,2
2023-10-03,2023,4,Q4,10,October,Oct,40,3
2023-10-04,2023,4,Q4,10,October,Oct,40,4
2023-10-05,2023,4,Q4,10,October,Oct,40,5
2023-10-06,2023,4,Q4,10,October,Oct,40,6
2023-10-07,2023,4,Q4,10,October,Oct,40,7
2023-10-08,2023,4,Q4,10,October,Oct,40,8
2023-10-09,2023,4,Q4,10,October,Oct,41,9
2023-10-10,2023,4,Q4,10,October,Oct,41,10
2023-10-11,2023,4,Q4,10,October,Oct,41,11
2023-10-12,2023,4,Q4,10,October,Oct,41,12
2023-10-13,2023,4,Q4,10,October,Oct,41,13
2023-10-14,2023,4,Q4,10,October,Oct,41,14
2023-10-15,2023,4,Q4,10,October,Oct,41,15
2023-10-16,2023,4,Q4,10,October,Oct,42,16
2023-10-17,2023,4,Q4,10,October,Oct,42,17
2023-10-18,2023,4,Q4,10,October,Oct,42,18
2023-10-19,2023,4,Q4,10,October,Oct,42,19
2023-10-20,2023,4,Q4,10,October,Oct,42,20
2023-10-21,2023,4,Q4,10,October,Oct,42,21
2023-10-22,2023,4,Q4,10,October,Oct,42,22
2023-10-23,2023,4,Q4,10,October,Oct,43,23
2023-10-24,2023,4,Q4,10,October,Oct,43,24
2023-10-25,2023,4,Q4,10,October,Oct,43,25
2023-10-26,2023,4,Q4,10,October,Oct,43,26
2023-10-27,2023,4,Q4,10,October,Oct,43,27
2023-10-28,2023,4,Q4,10,October,Oct,43,28
2023-10-29,2023,4,Q4,10,October,Oct,43,29
2023-10-30,2023,4,Q4,10,October,Oct,44,30
2023-10-31,2023,4,Q4,10,October,Oct,44,31
2023-11-01,2023,4,Q4,11,November,Nov,44,1
2023-11-02,2023,4,Q4,11,November,Nov,44,2
2023-11-03,2023,4,Q4,11,November,Nov,44,3
2023-11-04,2023,4,Q4,11,November,Nov,44,4
2023-11-05,2023,4,Q4,11,November,Nov,44,5
2023-11-06,2023,4,Q4,11,November,Nov,45,6
2023-11-07,2023,4,Q4,11,November,Nov,45,7
2023-11-08,2023,4,Q4,11,November,Nov,45,8
2023-11-09,2023,4,Q4,11,November,Nov,45,9
2023-11-10,2023,4,Q4,11,November,Nov,45,10
2023-11-11,2023,4,Q4,11,November,Nov,45,11
2023-11-12,2023,4,Q4,11,November,Nov,45,12
2023-11-13,2023,4,Q4,11,November,Nov,46,13
2023-11-14,2023,4,Q4,11,November,Nov,46,14
2023-11-15,2023,4,Q4,11,November,Nov,46,15
2023-11-16,2023,4,Q4,11,November,Nov,46,16
2023-11-17,2023,4,Q4,11,November,Nov,46,17
2023-11-18,2023,4,Q4,11,November,Nov,46,18
2023-11-19,2023,4,Q4,11,November,Nov,46,19
2023-11-20,2023,4,Q4,11,November,Nov,47,20
2023-11-21,2023,4,Q4,11,November,Nov,47,21
2023-11-22,2023,4,Q4,11,November,Nov,47,22
2023-11-23,2023,4,Q4,11,November,Nov,47,23
2023-11-24,2023,4,Q4,11,November,Nov,47,24
2023-11-25,2023,4,Q4,11,November,Nov,47,25
2023-11-26,2023,4,Q4,11,November,Nov,47,26
2023-11-27,2023,4,Q4,11,November,Nov,48,27
2023-11-28,2023,4,Q4,11,November,Nov,48,28
2023-11-29,2023,4,Q4,11,November,Nov,48,29
2023-11-30,2023,4,Q4,11,November,Nov,48,30
2023-12-01,2023,4,Q4,12,December,Dec,48,1
2023-12-02,2023,4,Q4,12,December,Dec,48,2
2023-12-03,2023,4,Q4,12,December,Dec,48,3
2023-12-04,2023,4,Q4,12,December,Dec,49,4
2023-12-05,2023,4,Q4,12,December,Dec,49,5
2023-12-06,2023,4,Q4,12,December,Dec,49,6
2023-12-07,2023,4,Q4,12,December,Dec,49,7
2023-12-08,2023,4,Q4,12,December,Dec,49,8
2023-12-09,2023,4,Q4,12,December,Dec,49,9
2023-12-10,2023,4,Q4,12,December,Dec,49,10
2023-12-11,2023,4,Q4,12,December,Dec,50,11
2023-12-12,2023,4,Q4,12,December,Dec,50,12
2023-12-13,2023,4,Q4,12,December,Dec,50,13
2023-12-14,2023,4,Q4,12,December,Dec,50,14
2023-12-15,2023,4,Q4,12,December,Dec,50,15
2023-12-16,2023,4,Q4,12,December,Dec,50,16
2023-12-17,2023,4,Q4,12,December,Dec,50,17
2023-12-18,2023,4,Q4,12,December,Dec,51,18
2023-12-19,2023,4,Q4,12,December,Dec,51,19
2023-12-20,2023,4,Q4,12,December,Dec,51,20
2023-12-21,2023,4,Q4,12,December,Dec,51,21
2023-12-22,2023,4,Q4,12,December,Dec,51,22
2023-12-23,2023,4,Q4,12,December,Dec,51,23
2023-12-24,2023,4,Q4,12,December,Dec,51,24
2023-12-25,2023,4,Q4,12,December,Dec,52,25
2023-12-26,2023,4,Q4,12,December,Dec,52,26
2023-12-27,2023,4,Q4,12,December,Dec,52,27
2023-12-28,2023,4,Q4,12,December,Dec,52,28
2023-12-29,2023,4,Q4,12,December,Dec,52,29
2023-12-30,2023,4,Q4,12,December,Dec,52,30
2023-12-31,2023,4,Q4,12,December,Dec,52,31
2024-01-01,2024,1,Q1,1,January,Jan,1,1
2024-01-02,2024,1,Q1,1,January,Jan,1,2
2024-01-03,2024,1,Q1,1,January,Jan,1,3
2024-01-04,2024,1,Q1,1,January,Jan,1,4
2024-01-05,2024,1,Q1,1,January,Jan,1,5
2024-01-06,2024,1,Q1,1,January,Jan,1,6
2024-01-07,2024,1,Q1,1,January,Jan,1,7
2024-01-08,2024,1,Q1,1,January,Jan,2,8
2024-01-09,2024,1,Q1,1,January,Jan,2,9
2024-01-10,2024,1,Q1,1,January,Jan,2,10
2024-01-11,2024,1,Q1,1,January,Jan,2,11
2024-01-12,2024,1,Q1,1,January,Jan,2,12
2024-01-13,2024,1,Q1,1,January,Jan,2,13
2024-01-14,2024,1,Q1,1,January,Jan,2,14
2024-01-15,2024,1,Q1,1,January,Jan,3,15
2024-01-16,2024,1,Q1,1,January,Jan,3,16
2024-01-17,2024,1,Q1,1,January,Jan,3,17
2024-01-18,2024,1,Q1,1,January,Jan,3,18
2024-01-19,2024,1,Q1,1,January,Jan,3,19
2024-01-20,2024,1,Q1,1,January,Jan,3,20
2024-01-21,2024,1,Q1,1,January,Jan,3,21
2024-01-22,2024,1,Q1,1,January,Jan,4,22
2024-01-23,2024,1,Q1,1,January,Jan,4,23
2024-01-24,2024,1,Q1,1,January,Jan,4,24
2024-01-25,2024,1,Q1,1,January,Jan,4,25
2024-01-26,2024,1,Q1,1,January,Jan,4,26
2024-01-27,2024,1,Q1,1,January,Jan,4,27
2024-01-28,2024,1,Q1,1,January,Jan,4,28
2024-01-29,2024,1,Q1,1,January,Jan,5,29
2024-01-30,2024,1,Q1,1,January,Jan,5,30
2024-01-31,2024,1,Q1,1,January,Jan,5,31
2024-02-01,2024,1,Q1,2,February,Feb,5,1
2024-02-02,2024,1,Q1,2,February,Feb,5,2
2024-02-03,2024,1,Q1,2,February,Feb,5,3
2024-02-04,2024,1,Q1,2,February,Feb,5,4
2024-02-05,2024,1,Q1,2,February,Feb,6,5
2024-02-06,2024,1,Q1,2,February,Feb,6,6
2024-02-07,2024,1,Q1,2,February,Feb,6,7
2024-02-08,2024,1,Q1,2,February,Feb,6,8
2024-02-09,2024,1,Q1,2,February,Feb,6,9
2024-02-10,2024,1,Q1,2,February,Feb,6,10
2024-02-11,2024,1,Q1,2,February,Feb,6,11
2024-02-12,2024,1,Q1,2,February,Feb,7,12
2024-02-13,2024,1,Q1,2,February,Feb,7,13
2024-02-14,2024,1,Q1,2,February,Feb,7,14
2024-02-15,2024,1,Q1,2,February,Feb,7,15
2024-02-16,2024,1,Q1,2,February,Feb,7,16
2024-02-17,2024,1,Q1,2,February,Feb,7,17
2024-02-18,2024,1,Q1,2,February,Feb,7,18
2024-02-19,2024,1,Q1,2,February,Feb,8,19
2024-02-20,2024,1,Q1,2,February,Feb,8,20
2024-02-21,2024,1,Q1,2,February,Feb,8,21
2024-02-22,2024,1,Q1,2,February,Feb,8,22
2024-02-23,2024,1,Q1,2,February,Feb,8,23
2024-02-24,2024,1,Q1,2,February,Feb,8,24
2024-02-25,2024,1,Q1,2,February,Feb,8,25
2024-02-26,2024,1,Q1,2,February,Feb,9,26
2024-02-27,2024,1,Q1,2,February,Feb,9,27
2024-02-28,2024,1,Q1,2,February,Feb,9,28
2024-02-29,2024,1,Q1,2,February,Feb,9,29
2024-03-01,2024,1,Q1,3,March,Mar,9,1
2024-03-02,2024,1,Q1,3,March,Mar,9,2
2024-03-03,2024,1,Q1,3,March,Mar,9,3
2024-03-04,2024,1,Q1,3,March,Mar,10,4
2024-03-05,2024,1,Q1,3,March,Mar,10,5
2024-03-06,2024,1,Q1,3,March,Mar,10,6
2024-03-07,2024,1,Q1,3,March,Mar,10,7
2024-03-08,2024,1,Q1,3,March,Mar,10,8
2024-03-09,2024,1,Q1,3,March,Mar,10,9
2024-03-10,2024,1,Q1,3,March,Mar,10,10
2024-03-11,2024,1,Q1,3,March,Mar,11,11
2024-03-12,2024,1,Q1,3,March,Mar,11,12
2024-03-13,2024,1,Q1,3,March,Mar,11,13
2024-03-14,2024,1,Q1,3,March,Mar,11,14
2024-03-15,2024,1,Q1,3,March,Mar,11,15
2024-03-16,2024,1,Q1,3,March,Mar,11,16
2024-03-17,2024,1,Q1,3,March,Mar,11,17
2024-03-18,2024,1,Q1,3,March,Mar,12,18
2024-03-19,2024,1,Q1,3,March,Mar,12,19
2024-03-20,2024,1,Q1,3,March,Mar,12,20
2024-03-21,2024,1,Q1,3,March,Mar,12,21
2024-03-22,2024,1,Q1,3,March,Mar,12,22
2024-03-23,2024,1,Q1,3,March,Mar,12,23
2024-03-24,2024,1,Q1,3,March,Mar,12,24
2024-03-25,2024,1,Q1,3,March,Mar,13,25
2024-03-26,2024,1,Q1,3,March,Mar,13,26
2024-03-27,2024,1,Q1,3,March,Mar,13,27
2024-03-28,2024,1,Q1,3,March,Mar,13,28
2024-03-29,2024,1,Q1,3,March,Mar,13,29
2024-03-30,2024,1,Q1,3,March,Mar,13,30
2024-03-31,2024,1,Q1,3,March,Mar,13,31
2024-04-01,2024,2,Q2,4,April,Apr,14,1
2024-04-02,2024,2,Q2,4,April,Apr,14,2
2024-04-03,2024,2,Q2,4,April,Apr,14,3
2024-04-04,2024,2,Q2,4,April,Apr,14,4
2024-04-05,2024,2,Q2,4,April,Apr,14,5
2024-04-06,2024,2,Q2,4,April,Apr,14,6
2024-04-07,2024,2,Q2,4,April,Apr,14,7
2024-04-08,2024,2,Q2,4,April,Apr,15,8
2024-04-09,2024,2,Q2,4,April,Apr,15,9
2024-04-10,2024,2,Q2,4,April,Apr,15,10
2024-04-11,2024,2,Q2,4,April,Apr,15,11
2024-04-12,2024,2,Q2,4,April,Apr,15,12
2024-04-13,2024,2,Q2,4,April,Apr,15,13
2024-04-14,2024,2,Q2,4,April,Apr,15,14
2024-04-15,2024,2,Q2,4,April,Apr,16,15
2024-04-16,2024,2,Q2,4,April,Apr,16,16
2024-04-17,2024,2,Q2,4,April,Apr,16,17
2024-04-18,2024,2,Q2,4,April,Apr,16,18
2024-04-19,2024,2,Q2,4,April,Apr,16,19
2024-04-20,2024,2,Q2,4,April,Apr,16,20
2024-04-21,2024,2,Q2,4,April,Apr,16,21
2024-04-22,2024,2,Q2,4,April,Apr,17,22
2024-04-23,2024,2,Q2,4,April,Apr,17,23
2024-04-24,2024,2,Q2,4,April,Apr,17,24
2024-04-25,2024,2,Q2,4,April,Apr,17,25
2024-04-26,2024,2,Q2,4,April,Apr,17,26
2024-04-27,2024,2,Q2,4,April,Apr,17,27
2024-04-28,2024,2,Q2,4,April,Apr,17,28
2024-04-29,2024,2,Q2,4,April,Apr,18,29
2024-04-30,2024,2,Q2,4,April,Apr,18,30
2024-05-01,2024,2,Q2,5,May,May,18,1
2024-05-02,2024,2,Q2,5,May,May,18,2
2024-05-03,2024,2,Q2,5,May,May,18,3
2024-05-04,2024,2,Q2,5,May,May,18,4
2024-05-05,2024,2,Q2,5,May,May,18,5
2024-05-06,2024,2,Q2,5,May,May,19,6
2024-05-07,2024,2,Q2,5,May,May,19,7
2024-05-08,2024,2,Q2,5,May,May,19,8
2024-05-09,2024,2,Q2,5,May,May,19,9
2024-05-10,2024,2,Q2,5,May,May,19,10
2024-05-11,2024,2,Q2,5,May,May,19,11
2024-05-12,2024,2,Q2,5,May,May,19,12
2024-05-13,2024,2,Q2,5,May,May,20,13
2024-05-14,2024,2,Q2,5,May,May,20,14
2024-05-15,2024,2,Q2,5,May,May,20,15
2024-05-16,2024,2,Q2,5,May,May,20,16
2024-05-17,2024,2,Q2,5,May,May,20,17
2024-05-18,2024,2,Q2,5,May,May,20,18
2024-05-19,2024,2,Q2,5,May,May,20,19
2024-05-20,2024,2,Q2,5,May,May,21,20
2024-05-21,2024,2,Q2,5,May,May,21,21
2024-05-22,2024,2,Q2,5,May,May,21,22
2024-05-23,2024,2,Q2,5,May,May,21,23
2024-05-24,2024,2,Q2,5,May,May,21,24
2024-05-25,2024,2,Q2,5,May,May,21,25
2024-05-26,2024,2,Q2,5,May,May,21,26
2024-05-27,2024,2,Q2,5,May,May,22,27
2024-05-28,2024,2,Q2,5,May,May,22,28
2024-05-29,2024,2,Q2,5,May,May,22,29
2024-05-30,2024,2,Q2,5,May,May,22,30
2024-05-31,2024,2,Q2,5,May,May,22,31
2024-06-01,2024,2,Q2,6,June,Jun,22,1
2024-06-02,2024,2,Q2,6,June,Jun,22,2
2024-06-03,2024,2,Q2,6,June,Jun,23,3
2024-06-04,2024,2,Q2,6,June,Jun,23,4
2024-06-05,2024,2,Q2,6,June,Jun,23,5
2024-06-06,2024,2,Q2,6,June,Jun,23,6
2024-06-07,2024,2,Q2,6,June,Jun,23,7
2024-06-08,2024,2,Q2,6,June,Jun,23,8
2024-06-09,2024,2,Q2,6,June,Jun,23,9
2024-06-10,2024,2,Q2,6,June,Jun,24,10
2024-06-11,2024,2,Q2,6,June,Jun,24,11
2024-06-12,2024,2,Q2,6,June,Jun,24,12
2024-06-13,2024,2,Q2,6,June,Jun,24,13
2024-06-14,2024,2,Q2,6,June,Jun,24,14
2024-06-15,2024,2,Q2,6,June,Jun,24,15
2024-06-16,2024,2,Q2,6,June,Jun,24,16
2024-06-17,2024,2,Q2,6,June,Jun,25,17
2024-06-18,2024,2,Q2,6,June,Jun,25,18
2024-06-19,2024,2,Q2,6,June,Jun,25,19
2024-06-20,2024,2,Q2,6,June,Jun,25,20
2024-06-21,2024,2,Q2,6,June,Jun,25,21
2024-06-22,2024,2,Q2,6,June,Jun,25,22
2024-06-23,2024,2,Q2,6,June,Jun,25,23
2024-06-24,2024,2,Q2,6,June,Jun,26,24
2024-06-25,2024,2,Q2,6,June,Jun,26,25
2024-06-26,2024,2,Q2,6,June,Jun,26,26
2024-06-27,2024,2,Q2,6,June,Jun,26,27
2024-06-28,2024,2,Q2,6,June,Jun,26,28
2024-06-29,2024,2,Q2,6,June,Jun,26,29
2024-06-30,2024,2,Q2,6,June,Jun,26,30
2024-07-01,2024,3,Q3,7,July,Jul,27,1
2024-07-02,2024,3,Q3,7,July,Jul,27,2
2024-07-03,2024,3,Q3,7,July,Jul,27,3
2024-07-04,2024,3,Q3,7,July,Jul,27,4
2024-07-05,2024,3,Q3,7,July,Jul,27,5
2024-07-06,2024,3,Q3,7,July,Jul,27,6
2024-07-07,2024,3,Q3,7,July,Jul,27,7
2024-07-08,2024,3,Q3,7,July,Jul,28,8
2024-07-09,2024,3,Q3,7,July,Jul,28,9
2024-07-10,2024,3,Q3,7,July,Jul,28,10
2024-07-11,2024,3,Q3,7,July,Jul,28,11
2024-07-12,2024,3,Q3,7,July,Jul,28,12
2024-07-13,2024,3,Q3,7,July,Jul,28,13
2024-07-14,2024,3,Q3,7,July,Jul,28,14
2024-07-15,2024,3,Q3,7,July,Jul,29,15
2024-07-16,2024,3,Q3,7,July,Jul,29,16
2024-07-17,2024,3,Q3,7,July,Jul,29,17
2024-07-18,2024,3,Q3,7,July,Jul,29,18
2024-07-19,2024,3,Q3,7,July,Jul,29,19
2024-07-20,2024,3,Q3,7,July,Jul,29,20
2024-07-21,2024,3,Q3,7,July,Jul,29,21
2024-07-22,2024,3,Q3,7,July,Jul,30,22
2024-07-23,2024,3,Q3,7,July,Jul,30,23
2024-07-24,2024,3,Q3,7,July,Jul,30,24
2024-07-25,2024,3,Q3,7,July,Jul,30,25
2024-07-26,2024,3,Q3,7,July,Jul,30,26
2024-07-27,2024,3,Q3,7,July,Jul,30,27
2024-07-28,2024,3,Q3,7,July,Jul,30,28
2024-07-29,2024,3,Q3,7,July,Jul,31,29
2024-07-30,2024,3,Q3,7,July,Jul,31,30
2024-07-31,2024,3,Q3,7,July,Jul,31,31
2024-08-01,2024,3,Q3,8,August,Aug,31,1
2024-08-02,2024,3,Q3,8,August,Aug,31,2
2024-08-03,2024,3,Q3,8,August,Aug,31,3
2024-08-04,2024,3,Q3,8,August,Aug,31,4
2024-08-05,2024,3,Q3,8,August,Aug,32,5
2024-08-06,2024,3,Q3,8,August,Aug,32,6
2024-08-07,2024,3,Q3,8,August,Aug,32,7
2024-08-08,2024,3,Q3,8,August,Aug,32,8
2024-08-09,2024,3,Q3,8,August,Aug,32,9
2024-08-10,2024,3,Q3,8,August,Aug,32,10
2024-08-11,2024,3,Q3,8,August,Aug,32,11
2024-08-12,2024,3,Q3,8,August,Aug,33,12
2024-08-13,2024,3,Q3,8,August,Aug,33,13
2024-08-14,2024,3,Q3,8,August,Aug,33,14
2024-08-15,2024,3,Q3,8,August,Aug,33,15
2024-08-16,2024,3,Q3,8,August,Aug,33,16
2024-08-17,2024,3,Q3,8,August,Aug,33,17
2024-08-18,2024,3,Q3,8,August,Aug,33,18
2024-08-19,2024,3,Q3,8,August,Aug,34,19
2024-08-20,2024,3,Q3,8,August,Aug,34,20
2024-08-21,2024,3,Q3,8,August,Aug,34,21
2024-08-22,2024,3,Q3,8,August,Aug,34,22
2024-08-23,2024,3,Q3,8,August,Aug,34,23
2024-08-24,2024,3,Q3,8,August,Aug,34,24
2024-08-25,2024,3,Q3,8,August,Aug,34,25
2024-08-26,2024,3,Q3,8,August,Aug,35,26
2024-08-27,2024,3,Q3,8,August,Aug,35,27
2024-08-28,2024,3,Q3,8,August,Aug,35,28
2024-08-29,2024,3,Q3,8,August,Aug,35,29
2024-08-30,2024,3,Q3,8,August,Aug,35,30
2024-08-31,2024,3,Q3,8,August,Aug,35,31
2024-09-01,2024,3,Q3,9,September,Sep,35,1
2024-09-02,2024,3,Q3,9,September,Sep,36,2
2024-09-03,2024,3,Q3,9,September,Sep,36,3
2024-09-04,2024,3,Q3,9,September,Sep,36,4
2024-09-05,2024,3,Q3,9,September,Sep,36,5
2024-09-06,2024,3,Q3,9,September,Sep,36,6
2024-09-07,2024,3,Q3,9,September,Sep,36,7
2024-09-08,2024,3,Q3,9,September,Sep,36,8
2024-09-09,2024,3,Q3,9,September,Sep,37,9
2024-09-10,2024,3,Q3,9,September,Sep,37,10
2024-09-11,2024,3,Q3,9,September,Sep,37,11
2024-09-12,2024,3,Q3,9,September,Sep,37,12
2024-09-13,2024,3,Q3,9,September,Sep,37,13
2024-09-14,2024,3,Q3,9,September,Sep,37,14
2024-09-15,2024,3,Q3,9,September,Sep,37,15
2024-09-16,2024,3,Q3,9,September,Sep,38,16
2024-09-17,2024,3,Q3,9,September,Sep,38,17
2024-09-18,2024,3,Q3,9,September,Sep,38,18
2024-09-19,2024,3,Q3,9,September,Sep,38,19
2024-09-20,2024,3,Q3,9,September,Sep,38,20
2024-09-21,2024,3,Q3,9,September,Sep,38,21
2024-09-22,2024,3,Q3,9,September,Sep,38,22
2024-09-23,2024,3,Q3,9,September,Sep,39,23
2024-09-24,2024,3,Q3,9,September,Sep,39,24
2024-09-25,2024,3,Q3,9,September,Sep,39,25
2024-09-26,2024,3,Q3,9,September,Sep,39,26
2024-09-27,2024,3,Q3,9,September,Sep,39,27
2024-09-28,2024,3,Q3,9,September,Sep,39,28
2024-09-29,2024,3,Q3,9,September,Sep,39,29
2024-09-30,2024,3,Q3,9,September,Sep,40,30
2024-10-01,2024,4,Q4,10,October,Oct,40,1
2024-10-02,2024,4,Q4,10,October,Oct,40,2
2024-10-03,2024,4,Q4,10,October,Oct,40,3
2024-10-04,2024,4,Q4,10,October,Oct,40,4
2024-10-05,2024,4,Q4,10,October,Oct,40,5
2024-10-06,2024,4,Q4,10,October,Oct,40,6
2024-10-07,2024,4,Q4,10,October,Oct,41,7
2024-10-08,2024,4,Q4,10,October,Oct,41,8
2024-10-09,2024,4,Q4,10,October,Oct,41,9
2024-10-10,2024,4,Q4,10,October,Oct,41,10
2024-10-11,2024,4,Q4,10,October,Oct,41,11
2024-10-12,2024,4,Q4,10,October,Oct,41,12
2024-10-13,2024,4,Q4,10,October,Oct,41,13
2024-10-14,2024,4,Q4,10,October,Oct,42,14
2024-10-15,2024,4,Q4,10,October,Oct,42,15
2024-10-16,2024,4,Q4,10,October,Oct,42,16
2024-10-17,2024,4,Q4,10,October,Oct,42,17
2024-10-18,2024,4,Q4,10,October,Oct,42,18
2024-10-19,2024,4,Q4,10,October,Oct,42,19
2024-10-20,2024,4,Q4,10,October,Oct,42,20
2024-10-21,2024,4,Q4,10,October,Oct,43,21
2024-10-22,2024,4,Q4,10,October,Oct,43,22
2024-10-23,2024,4,Q4,10,October,Oct,43,23
2024-10-24,2024,4,Q4,10,October,Oct,43,24
2024-10-25,2024,4,Q4,10,October,Oct,43,25
2024-10-26,2024,4,Q4,10,October,Oct,43,26
2024-10-27,2024,4,Q4,10,October,Oct,43,27
2024-10-28,2024,4,Q4,10,October,Oct,44,28
2024-10-29,2024,4,Q4,10,October,Oct,44,29
2024-10-30,2024,4,Q4,10,October,Oct,44,30
2024-10-31,2024,4,Q4,10,October,Oct,44,31
2024-11-01,2024,4,Q4,11,November,Nov,44,1
2024-11-02,2024,4,Q4,11,November,Nov,44,2
2024-11-03,2024,4,Q4,11,November,Nov,44,3
2024-11-04,2024,4,Q4,11,November,Nov,45,4
2024-11-05,2024,4,Q4,11,November,Nov,45,5
2024-11-06,2024,4,Q4,11,November,Nov,45,6
2024-11-07,2024,4,Q4,11,November,Nov,45,7
2024-11-08,2024,4,Q4,11,November,Nov,45,8
2024-11-09,2024,4,Q4,11,November,Nov,45,9
2024-11-10,2024,4,Q4,11,November,Nov,45,10
2024-11-11,2024,4,Q4,11,November,Nov,46,11
2024-11-12,2024,4,Q4,11,November,Nov,46,12
2024-11-13,2024,4,Q4,11,November,Nov,46,13
2024-11-14,2024,4,Q4,11,November,Nov,46,14
2024-11-15,2024,4,Q4,11,November,Nov,46,15
2024-11-16,2024,4,Q4,11,November,Nov,46,16
2024-11-17,2024,4,Q4,11,November,Nov,46,17
2024-11-18,2024,4,Q4,11,November,Nov,47,18
2024-11-19,2024,4,Q4,11,November,Nov,47,19
2024-11-20,2024,4,Q4,11,November,Nov,47,20
2024-11-21,2024,4,Q4,11,November,Nov,47,21
2024-11-22,2024,4,Q4,11,November,Nov,47,22
2024-11-23,2024,4,Q4,11,November,Nov,47,23
2024-11-24,2024,4,Q4,11,November,Nov,47,24
2024-11-25,2024,4,Q4,11,November,Nov,48,25
2024-11-26,2024,4,Q4,11,November,Nov,48,26
2024-11-27,2024,4,Q4,11,November,Nov,48,27
2024-11-28,2024,4,Q4,11,November,Nov,48,28
2024-11-29,2024,4,Q4,11,November,Nov,48,29
2024-11-30,2024,4,Q4,11,November,Nov,48,30
2024-12-01,2024,4,Q4,12,December,Dec,48,1
2024-12-02,2024,4,Q4,12,December,Dec,49,2
2024-12-03,2024,4,Q4,12,December,Dec,49,3
2024-12-04,2024,4,Q4,12,December,Dec,49,4
2024-12-05,2024,4,Q4,12,December,Dec,49,5
2024-12-06,2024,4,Q4,12,December,Dec,49,6
2024-12-07,2024,4,Q4,12,December,Dec,49,7
2024-12-08,2024,4,Q4,12,December,Dec,49,8
2024-12-09,2024,4,Q4,12,December,Dec,50,9
2024-12-10,2024,4,Q4,12,December,Dec,50,10
2024-12-11,2024,4,Q4,12,December,Dec,50,11
2024-12-12,2024,4,Q4,12,December,Dec,50,12
2024-12-13,2024,4,Q4,12,December,Dec,50,13
2024-12-14,2024,4,Q4,12,December,Dec,50,14
2024-12-15,2024,4,Q4,12,December,Dec,50,15
2024-12-16,2024,4,Q4,12,December,Dec,51,16
2024-12-17,2024,4,Q4,12,December,Dec,51,17
2024-12-18,2024,4,Q4,12,December,Dec,51,18
2024-12-19,2024,4,Q4,12,December,Dec,51,19
2024-12-20,2024,4,Q4,12,December,Dec,51,20
2024-12-21,2024,4,Q4,12,December,Dec,51,21
2024-12-22,2024,4,Q4,12,December,Dec,51,22
2024-12-23,2024,4,Q4,12,December,Dec,52,23
2024-12-24,2024,4,Q4,12,December,Dec,52,24
2024-12-25,2024,4,Q4,12,December,Dec,52,25
2024-12-26,2024,4,Q4,12,December,Dec,52,26
2024-12-27,2024,4,Q4,12,December,Dec,52,27
2024-12-28,2024,4,Q4,12,December,Dec,52,28
2024-12-29,2024,4,Q4,12,December,Dec,52,29
2024-12-30,2024,4,Q4,12,December,Dec,53,30
2024-12-31,2024,4,Q4,12,December,Dec,53,31
2025-01-01,2025,1,Q1,1,January,Jan,0,1
2025-01-02,2025,1,Q1,1,January,Jan,0,2
2025-01-03,2025,1,Q1,1,January,Jan,0,3
2025-01-04,2025,1,Q1,1,January,Jan,0,4
2025-01-05,2025,1,Q1,1,January,Jan,0,5
2025-01-06,2025,1,Q1,1,January,Jan,1,6
2025-01-07,2025,1,Q1,1,January,Jan,1,7
2025-01-08,2025,1,Q1,1,January,Jan,1,8
2025-01-09,2025,1,Q1,1,January,Jan,1,9
2025-01-10,2025,1,Q1,1,January,Jan,1,10
2025-01-11,2025,1,Q1,1,January,Jan,1,11
2025-01-12,2025,1,Q1,1,January,Jan,1,12
2025-01-13,2025,1,Q1,1,January,Jan,2,13
2025-01-14,2025,1,Q1,1,January,Jan,2,14
2025-01-15,2025,1,Q1,1,January,Jan,2,15
2025-01-16,2025,1,Q1,1,January,Jan,2,16
2025-01-17,2025,1,Q1,1,January,Jan,2,17
2025-01-18,2025,1,Q1,1,January,Jan,2,18
2025-01-19,2025,1,Q1,1,January,Jan,2,19
2025-01-20,2025,1,Q1,1,January,Jan,3,20
2025-01-21,2025,1,Q1,1,January,Jan,3,21
2025-01-22,2025,1,Q1,1,January,Jan,3,22
2025-01-23,2025,1,Q1,1,January,Jan,3,23
2025-01-24,2025,1,Q1,1,January,Jan,3,24
2025-01-25,2025,1,Q1,1,January,Jan,3,25
2025-01-26,2025,1,Q1,1,January,Jan,3,26
2025-01-27,2025,1,Q1,1,January,Jan,4,27
2025-01-28,2025,1,Q1,1,January,Jan,4,28
2025-01-29,2025,1,Q1,1,January,Jan,4,29
2025-01-30,2025,1,Q1,1,January,Jan,4,30
2025-01-31,2025,1,Q1,1,January,Jan,4,31
2025-02-01,2025,1,Q1,2,February,Feb,4,1
2025-02-02,2025,1,Q1,2,February,Feb,4,2
2025-02-03,2025,1,Q1,2,February,Feb,5,3
2025-02-04,2025,1,Q1,2,February,Feb,5,4
2025-02-05,2025,1,Q1,2,February,Feb,5,5
2025-02-06,2025,1,Q1,2,February,Feb,5,6
2025-02-07,2025,1,Q1,2,February,Feb,5,7
2025-02-08,2025,1,Q1,2,February,Feb,5,8
2025-02-09,2025,1,Q1,2,February,Feb,5,9
2025-02-10,2025,1,Q1,2,February,Feb,6,10
2025-02-11,2025,1,Q1,2,February,Feb,6,11
2025-02-12,2025,1,Q1,2,February,Feb,6,12
2025-02-13,2025,1,Q1,2,February,Feb,6,13
2025-02-14,2025,1,Q1,2,February,Feb,6,14
2025-02-15,2025,1,Q1,2,February,Feb,6,15
2025-02-16,2025,1,Q1,2,February,Feb,6,16
2025-02-17,2025,1,Q1,2,February,Feb,7,17
2025-02-18,2025,1,Q1,2,February,Feb,7,18
2025-02-19,2025,1,Q1,2,February,Feb,7,19
2025-02-20,2025,1,Q1,2,February,Feb,7,20
2025-02-21,2025,1,Q1,2,February,Feb,7,21
2025-02-22,2025,1,Q1,2,February,Feb,7,22
2025-02-23,2025,1,Q1,2,February,Feb,7,23
2025-02-24,2025,1,Q1,2,February,Feb,8,24
2025-02-25,2025,1,Q1,2,February,Feb,8,25
2025-02-26,2025,1,Q1,2,February,Feb,8,26
2025-02-27,2025,1,Q1,2,February,Feb,8,27
2025-02-28,2025,1,Q1,2,February,Feb,8,28
2025-03-01,2025,1,Q1,3,March,Mar,8,1
2025-03-02,2025,1,Q1,3,March,Mar,8,2
2025-03-03,2025,1,Q1,3,March,Mar,9,3
2025-03-04,2025,1,Q1,3,March,Mar,9,4
2025-03-05,2025,1,Q1,3,March,Mar,9,5
2025-03-06,2025,1,Q1,3,March,Mar,9,6
2025-03-07,2025,1,Q1,3,March,Mar,9,7
2025-03-08,2025,1,Q1,3,March,Mar,9,8
2025-03-09,2025,1,Q1,3,March,Mar,9,9
2025-03-10,2025,1,Q1,3,March,Mar,10,10
2025-03-11,2025,1,Q1,3,March,Mar,10,11
2025-03-12,2025,1,Q1,3,March,Mar,10,12
2025-03-13,2025,1,Q1,3,March,Mar,10,13
2025-03-14,2025,1,Q1,3,March,Mar,10,14
2025-03-15,2025,1,Q1,3,March,Mar,10,15
2025-03-16,2025,1,Q1,3,March,Mar,10,16
2025-03-17,2025,1,Q1,3,March,Mar,11,17
2025-03-18,2025,1,Q1,3,March,Mar,11,18
2025-03-19,2025,1,Q1,3,March,Mar,11,19
2025-03-20,2025,1,Q1,3,March,Mar,11,20
2025-03-21,2025,1,Q1,3,March,Mar,11,21
2025-03-22,2025,1,Q1,3,March,Mar,11,22
2025-03-23,2025,1,Q1,3,March,Mar,11,23
2025-03-24,2025,1,Q1,3,March,Mar,12,24
2025-03-25,2025,1,Q1,3,March,Mar,12,25
2025-03-26,2025,1,Q1,3,March,Mar,12,26
2025-03-27,2025,1,Q1,3,March,Mar,12,27
2025-03-28,2025,1,Q1,3,March,Mar,12,28
2025-03-29,2025,1,Q1,3,March,Mar,12,29
2025-03-30,2025,1,Q1,3,March,Mar,12,30
2025-03-31,2025,1,Q1,3,March,Mar,13,31
2025-04-01,2025,2,Q2,4,April,Apr,13,1
2025-04-02,2025,2,Q2,4,April,Apr,13,2
2025-04-03,2025,2,Q2,4,April,Apr,13,3
2025-04-04,2025,2,Q2,4,April,Apr,13,4
2025-04-05,2025,2,Q2,4,April,Apr,13,5
2025-04-06,2025,2,Q2,4,April,Apr,13,6
2025-04-07,2025,2,Q2,4,April,Apr,14,7
2025-04-08,2025,2,Q2,4,April,Apr,14,8
2025-04-09,2025,2,Q2,4,April,Apr,14,9
2025-04-10,2025,2,Q2,4,April,Apr,14,10
2025-04-11,2025,2,Q2,4,April,Apr,14,11
2025-04-12,2025,2,Q2,4,April,Apr,14,12
2025-04-13,2025,2,Q2,4,April,Apr,14,13
2025-04-14,2025,2,Q2,4,April,Apr,15,14
2025-04-15,2025,2,Q2,4,April,Apr,15,15
2025-04-16,2025,2,Q2,4,April,Apr,15,16
2025-04-17,2025,2,Q2,4,April,Apr,15,17
2025-04-18,2025,2,Q2,4,April,Apr,15,18
2025-04-19,2025,2,Q2,4,April,Apr,15,19
2025-04-20,2025,2,Q2,4,April,Apr,15,20
2025-04-21,2025,2,Q2,4,April,Apr,16,21
2025-04-22,2025,2,Q2,4,April,Apr,16,22
2025-04-23,2025,2,Q2,4,April,Apr,16,23
2025-04-24,2025,2,Q2,4,April,Apr,16,24
2025-04-25,2025,2,Q2,4,April,Apr,16,25
2025-04-26,2025,2,Q2,4,April,Apr,16,26
2025-04-27,2025,2,Q2,4,April,Apr,16,27
2025-04-28,2025,2,Q2,4,April,Apr,17,28
2025-04-29,2025,2,Q2,4,April,Apr,17,29
2025-04-30,2025,2,Q2,4,April,Apr,17,30
2025-05-01,2025,2,Q2,5,May,May,17,1
2025-05-02,2025,2,Q2,5,May,May,17,2
2025-05-03,2025,2,Q2,5,May,May,17,3
2025-05-04,2025,2,Q2,5,May,May,17,4
2025-05-05,2025,2,Q2,5,May,May,18,5
2025-05-06,2025,2,Q2,5,May,May,18,6
2025-05-07,2025,2,Q2,5,May,May,18,7
2025-05-08,2025,2,Q2,5,May,May,18,8
2025-05-09,2025,2,Q2,5,May,May,18,9
2025-05-10,2025,2,Q2,5,May,May,18,10
2025-05-11,2025,2,Q2,5,May,May,18,11
2025-05-12,2025,2,Q2,5,May,May,19,12
2025-05-13,2025,2,Q2,5,May,May,19,13
2025-05-14,2025,2,Q2,5,May,May,19,14
2025-05-15,2025,2,Q2,5,May,May,19,15
2025-05-16,2025,2,Q2,5,May,May,19,16
2025-05-17,2025,2,Q2,5,May,May,19,17
2025-05-18,2025,2,Q2,5,May,May,19,18
2025-05-19,2025,2,Q2,5,May,May,20,19
2025-05-20,2025,2,Q2,5,May,May,20,20
2025-05-21,2025,2,Q2,5,May,May,20,21
2025-05-22,2025,2,Q2,5,May,May,20,22
2025-05-23,2025,2,Q2,5,May,May,20,23
2025-05-24,2025,2,Q2,5,May,May,20,24
2025-05-25,2025,2,Q2,5,May,May,20,25
2025-05-26,2025,2,Q2,5,May,May,21,26
2025-05-27,2025,2,Q2,5,May,May,21,27
2025-05-28,2025,2,Q2,5,May,May,21,28
2025-05-29,2025,2,Q2,5,May,May,21,29
2025-05-30,2025,2,Q2,5,May,May,21,30
2025-05-31,2025,2,Q2,5,May,May,21,31
2025-06-01,2025,2,Q2,6,June,Jun,21,1
2025-06-02,2025,2,Q2,6,June,Jun,22,2
2025-06-03,2025,2,Q2,6,June,Jun,22,3
2025-06-04,2025,2,Q2,6,June,Jun,22,4
2025-06-05,2025,2,Q2,6,June,Jun,22,5
2025-06-06,2025,2,Q2,6,June,Jun,22,6
2025-06-07,2025,2,Q2,6,June,Jun,22,7
2025-06-08,2025,2,Q2,6,June,Jun,22,8
2025-06-09,2025,2,Q2,6,June,Jun,23,9
2025-06-10,2025,2,Q2,6,June,Jun,23,10
2025-06-11,2025,2,Q2,6,June,Jun,23,11
2025-06-12,2025,2,Q2,6,June,Jun,23,12
2025-06-13,2025,2,Q2,6,June,Jun,23,13
2025-06-14,2025,2,Q2,6,June,Jun,23,14
2025-06-15,2025,2,Q2,6,June,Jun,23,15
2025-06-16,2025,2,Q2,6,June,Jun,24,16
2025-06-17,2025,2,Q2,6,June,Jun,24,17
2025-06-18,2025,2,Q2,6,June,Jun,24,18
2025-06-19,2025,2,Q2,6,June,Jun,24,19
2025-06-20,2025,2,Q2,6,June,Jun,24,20
2025-06-21,2025,2,Q2,6,June,Jun,24,21
2025-06-22,2025,2,Q2,6,June,Jun,24,22
2025-06-23,2025,2,Q2,6,June,Jun,25,23
2025-06-24,2025,2,Q2,6,June,Jun,25,24
2025-06-25,2025,2,Q2,6,June,Jun,25,25
2025-06-26,2025,2,Q2,6,June,Jun,25,26
2025-06-27,2025,2,Q2,6,June,Jun,25,27
2025-06-28,2025,2,Q2,6,June,Jun,25,28
2025-06-29,2025,2,Q2,6,June,Jun,25,29
2025-06-30,2025,2,Q2,6,June,Jun,26,30
2025-07-01,2025,3,Q3,7,July,Jul,26,1
2025-07-02,2025,3,Q3,7,July,Jul,26,2
2025-07-03,2025,3,Q3,7,July,Jul,26,3
2025-07-04,2025,3,Q3,7,July,Jul,26,4
2025-07-05,2025,3,Q3,7,July,Jul,26,5
2025-07-06,2025,3,Q3,7,July,Jul,26,6
2025-07-07,2025,3,Q3,7,July,Jul,27,7
2025-07-08,2025,3,Q3,7,July,Jul,27,8
2025-07-09,2025,3,Q3,7,July,Jul,27,9
2025-07-10,2025,3,Q3,7,July,Jul,27,10
2025-07-11,2025,3,Q3,7,July,Jul,27,11
2025-07-12,2025,3,Q3,7,July,Jul,27,12
2025-07-13,2025,3,Q3,7,July,Jul,27,13
2025-07-14,2025,3,Q3,7,July,Jul,28,14
2025-07-15,2025,3,Q3,7,July,Jul,28,15
2025-07-16,2025,3,Q3,7,July,Jul,28,16
2025-07-17,2025,3,Q3,7,July,Jul,28,17
2025-07-18,2025,3,Q3,7,July,Jul,28,18
2025-07-19,2025,3,Q3,7,July,Jul,28,19
2025-07-20,2025,3,Q3,7,July,Jul,28,20
2025-07-21,2025,3,Q3,7,July,Jul,29,21
2025-07-22,2025,3,Q3,7,July,Jul,29,22
2025-07-23,2025,3,Q3,7,July,Jul,29,23
2025-07-24,2025,3,Q3,7,July,Jul,29,24
2025-07-25,2025,3,Q3,7,July,Jul,29,25
2025-07-26,2025,3,Q3,7,July,Jul,29,26
2025-07-27,2025,3,Q3,7,July,Jul,29,27
2025-07-28,2025,3,Q3,7,July,Jul,30,28
2025-07-29,2025,3,Q3,7,July,Jul,30,29
2025-07-30,2025,3,Q3,7,July,Jul,30,30
2025-07-31,2025,3,Q3,7,July,Jul,30,31
2025-08-01,2025,3,Q3,8,August,Aug,30,1
2025-08-02,2025,3,Q3,8,August,Aug,30,2
2025-08-03,2025,3,Q3,8,August,Aug,30,3
2025-08-04,2025,3,Q3,8,August,Aug,31,4
2025-08-05,2025,3,Q3,8,August,Aug,31,5
2025-08-06,2025,3,Q3,8,August,Aug,31,6
2025-08-07,2025,3,Q3,8,August,Aug,31,7
2025-08-08,2025,3,Q3,8,August,Aug,31,8
2025-08-09,2025,3,Q3,8,August,Aug,31,9
2025-08-10,2025,3,Q3,8,August,Aug,31,10
2025-08-11,2025,3,Q3,8,August,Aug,32,11
2025-08-12,2025,3,Q3,8,August,Aug,32,12
2025-08-13,2025,3,Q3,8,August,Aug,32,13
2025-08-14,2025,3,Q3,8,August,Aug,32,14
2025-08-15,2025,3,Q3,8,August,Aug,32,15
2025-08-16,2025,3,Q3,8,August,Aug,32,16
2025-08-17,2025,3,Q3,8,August,Aug,32,17
2025-08-18,2025,3,Q3,8,August,Aug,33,18
2025-08-19,2025,3,Q3,8,August,Aug,33,19
2025-08-20,2025,3,Q3,8,August,Aug,33,20
2025-08-21,2025,3,Q3,8,August,Aug,33,21
2025-08-22,2025,3,Q3,8,August,Aug,33,22
2025-08-23,2025,3,Q3,8,August,Aug,33,23
2025-08-24,2025,3,Q3,8,August,Aug,33,24
2025-08-25,2025,3,Q3,8,August,Aug,34,25
2025-08-26,2025,3,Q3,8,August,Aug,34,26
2025-08-27,2025,3,Q3,8,August,Aug,34,27
2025-08-28,2025,3,Q3,8,August,Aug,34,28
2025-08-29,2025,3,Q3,8,August,Aug,34,29
2025-08-30,2025,3,Q3,8,August,Aug,34,30
2025-08-31,2025,3,Q3,8,August,Aug,34,31
2025-09-01,2025,3,Q3,9,September,Sep,35,1
2025-09-02,2025,3,Q3,9,September,Sep,35,2
2025-09-03,2025,3,Q3,9,September,Sep,35,3
2025-09-04,2025,3,Q3,9,September,Sep,35,4
2025-09-05,2025,3,Q3,9,September,Sep,35,5
2025-09-06,2025,3,Q3,9,September,Sep,35,6
2025-09-07,2025,3,Q3,9,September,Sep,35,7
2025-09-08,2025,3,Q3,9,September,Sep,36,8
2025-09-09,2025,3,Q3,9,September,Sep,36,9
2025-09-10,2025,3,Q3,9,September,Sep,36,10
2025-09-11,2025,3,Q3,9,September,Sep,36,11
2025-09-12,2025,3,Q3,9,September,Sep,36,12
2025-09-13,2025,3,Q3,9,September,Sep,36,13
2025-09-14,2025,3,Q3,9,September,Sep,36,14
2025-09-15,2025,3,Q3,9,September,Sep,37,15
2025-09-16,2025,3,Q3,9,September,Sep,37,16
2025-09-17,2025,3,Q3,9,September,Sep,37,17
2025-09-18,2025,3,Q3,9,September,Sep,37,18
2025-09-19,2025,3,Q3,9,September,Sep,37,19
2025-09-20,2025,3,Q3,9,September,Sep,37,20
2025-09-21,2025,3,Q3,9,September,Sep,37,21
2025-09-22,2025,3,Q3,9,September,Sep,38,22
2025-09-23,2025,3,Q3,9,September,Sep,38,23
2025-09-24,2025,3,Q3,9,September,Sep,38,24
2025-09-25,2025,3,Q3,9,September,Sep,38,25
2025-09-26,2025,3,Q3,9,September,Sep,38,26
2025-09-27,2025,3,Q3,9,September,Sep,38,27
2025-09-28,2025,3,Q3,9,September,Sep,38,28
2025-09-29,2025,3,Q3,9,September,Sep,39,29
2025-09-30,2025,3,Q3,9,September,Sep,39,30
2025-10-01,2025,4,Q4,10,October,Oct,39,1
2025-10-02,2025,4,Q4,10,October,Oct,39,2
2025-10-03,2025,4,Q4,10,October,Oct,39,3
2025-10-04,2025,4,Q4,10,October,Oct,39,4
2025-10-05,2025,4,Q4,10,October,Oct,39,5
2025-10-06,2025,4,Q4,10,October,Oct,40,6
2025-10-07,2025,4,Q4,10,October,Oct,40,7
2025-10-08,2025,4,Q4,10,October,Oct,40,8
2025-10-09,2025,4,Q4,10,October,Oct,40,9
2025-10-10,2025,4,Q4,10,October,Oct,40,10
2025-10-11,2025,4,Q4,10,October,Oct,40,11
2025-10-12,2025,4,Q4,10,October,Oct,40,12
2025-10-13,2025,4,Q4,10,October,Oct,41,13
2025-10-14,2025,4,Q4,10,October,Oct,41,14
2025-10-15,2025,4,Q4,10,October,Oct,41,15
2025-10-16,2025,4,Q4,10,October,Oct,41,16
2025-10-17,2025,4,Q4,10,October,Oct,41,17
2025-10-18,2025,4,Q4,10,October,Oct,41,18
2025-10-19,2025,4,Q4,10,October,Oct,41,19
2025-10-20,2025,4,Q4,10,October,Oct,42,20
2025-10-21,2025,4,Q4,10,October,Oct,42,21
2025-10-22,2025,4,Q4,10,October,Oct,42,22
2025-10-23,2025,4,Q4,10,October,Oct,42,23
2025-10-24,2025,4,Q4,10,October,Oct,42,24
2025-10-25,2025,4,Q4,10,October,Oct,42,25
2025-10-26,2025,4,Q4,10,October,Oct,42,26
2025-10-27,2025,4,Q4,10,October,Oct,43,27
2025-10-28,2025,4,Q4,10,October,Oct,43,28
2025-10-29,2025,4,Q4,10,October,Oct,43,29
2025-10-30,2025,4,Q4,10,October,Oct,43,30
2025-10-31,2025,4,Q4,10,October,Oct,43,31
2025-11-01,2025,4,Q4,11,November,Nov,43,1
2025-11-02,2025,4,Q4,11,November,Nov,43,2
2025-11-03,2025,4,Q4,11,November,Nov,44,3
2025-11-04,2025,4,Q4,11,November,Nov,44,4
2025-11-05,2025,4,Q4,11,November,Nov,44,5
2025-11-06,2025,4,Q4,11,November,Nov,44,6
2025-11-07,2025,4,Q4,11,November,Nov,44,7
2025-11-08,2025,4,Q4,11,November,Nov,44,8
2025-11-09,2025,4,Q4,11,November,Nov,44,9
2025-11-10,2025,4,Q4,11,November,Nov,45,10
2025-11-11,2025,4,Q4,11,November,Nov,45,11
2025-11-12,2025,4,Q4,11,November,Nov,45,12
2025-11-13,2025,4,Q4,11,November,Nov,45,13
2025-11-14,2025,4,Q4,11,November,Nov,45,14
2025-11-15,2025,4,Q4,11,November,Nov,45,15
2025-11-16,2025,4,Q4,11,November,Nov,45,16
2025-11-17,2025,4,Q4,11,November,Nov,46,17
2025-11-18,2025,4,Q4,11,November,Nov,46,18
2025-11-19,2025,4,Q4,11,November,Nov,46,19
2025-11-20,2025,4,Q4,11,November,Nov,46,20
2025-11-21,2025,4,Q4,11,November,Nov,46,21
2025-11-22,2025,4,Q4,11,November,Nov,46,22
2025-11-23,2025,4,Q4,11,November,Nov,46,23
2025-11-24,2025,4,Q4,11,November,Nov,47,24
2025-11-25,2025,4,Q4,11,November,Nov,47,25
2025-11-26,2025,4,Q4,11,November,Nov,47,26
2025-11-27,2025,4,Q4,11,November,Nov,47,27
2025-11-28,2025,4,Q4,11,November,Nov,47,28
2025-11-29,2025,4,Q4,11,November,Nov,47,29
2025-11-30,2025,4,Q4,11,November,Nov,47,30
2025-12-01,2025,4,Q4,12,December,Dec,48,1
2025-12-02,2025,4,Q4,12,December,Dec,48,2
2025-12-03,2025,4,Q4,12,December,Dec,48,3
2025-12-04,2025,4,Q4,12,December,Dec,48,4
2025-12-05,2025,4,Q4,12,December,Dec,48,5
2025-12-06,2025,4,Q4,12,December,Dec,48,6
2025-12-07,2025,4,Q4,12,December,Dec,48,7
2025-12-08,2025,4,Q4,12,December,Dec,49,8
2025-12-09,2025,4,Q4,12,December,Dec,49,9
2025-12-10,2025,4,Q4,12,December,Dec,49,10
2025-12-11,2025,4,Q4,12,December,Dec,49,11
2025-12-12,2025,4,Q4,12,December,Dec,49,12
2025-12-13,2025,4,Q4,12,December,Dec,49,13
2025-12-14,2025,4,Q4,12,December,Dec,49,14
2025-12-15,2025,4,Q4,12,December,Dec,50,15
2025-12-16,2025,4,Q4,12,December,Dec,50,16
2025-12-17,2025,4,Q4,12,December,Dec,50,17
2025-12-18,2025,4,Q4,12,December,Dec,50,18
2025-12-19,2025,4,Q4,12,December,Dec,50,19
2025-12-20,2025,4,Q4,12,December,Dec,50,20
2025-12-21,2025,4,Q4,12,December,Dec,50,21
2025-12-22,2025,4,Q4,12,December,Dec,51,22
2025-12-23,2025,4,Q4,12,December,Dec,51,23
2025-12-24,2025,4,Q4,12,December,Dec,51,24
2025-12-25,2025,4,Q4,12,December,Dec,51,25
2025-12-26,2025,4,Q4,12,December,Dec,51,26
2025-12-27,2025,4,Q4,12,December,Dec,51,27
2025-12-28,2025,4,Q4,12,December,Dec,51,28
2025-12-29,2025,4,Q4,12,December,Dec,52,29
2025-12-30,2025,4,Q4,12,December,Dec,52,30
2025-12-31,2025,4,Q4,12,December,Dec,52,31
